return_id,employee_id,item,size,region_code,return_date,reason,quantity
RET000001,EMP00319,Chaleco,null,EZE,2024-10-09,Daño,2
RET000002,EMP00357,Chaleco,S,Santiago,2025-09-21,Desgaste,1
RET000003,EMP00013,Chaleco,M,EZE,2025-08-09,Salida empresa,1
RET000004,EMP00257,Pantalon,S,EZE,2024-02-15,Talla incorrecta,2
RET000005,EMP00050,Pantalon,Extra Large,Sao Paulo,2023-08-10,Salida empresa,2
RET000006,EMP00170,Chaleco,M,LIM,2022-05-14,Cambio rol,2
RET000007,EMP00282,Chaleco,M,SCL,2022-06-03,Daño,1
RET000008,EMP00036,Pantalon,M,Sao Paulo,2025-03-21,Desgaste,1
RET000009,EMP00104,Chaleco,M,GRU,2024-01-28,Desgaste,2
RET000010,EMP00348,Chaqueta,M,SCL,2024-12-04,Desgaste,1
RET000011,EMP00058,Chaqueta,XXL,EZE,2023-07-17,Desgaste,2
RET000012,EMP00375,Pantalon,M,SCL,2025-03-25,Daño,1
RET000013,EMP00069,Camisa,M,LIM,2023-01-06,Desgaste,1
RET000014,EMP00293,Zapatos,XL,MIA,2025-12-08,Cambio rol,2
RET000015,EMP00111,Chaleco,M,LIM,2025-11-30,Talla incorrecta,1
RET000016,EMP00168,Corbata,L,GRU,2022-11-27,Salida empresa,1
RET000017,EMP00214,Camisa,L,BOG,2025-11-02,Talla incorrecta,2
RET000018,EMP00013,Pantalon,L,SCL,2022-11-06,Salida empresa,1
RET000019,EMP00372,Zapatos,M,BOG,,Talla incorrecta,1
RET000020,EMP00354,Zapatos,L,MIA,2023-11-12,,2
RET000021,EMP00139,Pantalon,s ,LIM,,Salida empresa,2
RET000022,EMP00057,Pantalon,M,BOG,2024-03-14,Desgaste,2
RET000023,EMP00044,Zapatos,S,BOG,2023-01-06,Cambio rol,1
RET000024,EMP00391,Camisa,S,LIM,2023-03-26,Cambio rol,2
RET000025,EMP00365,Chaqueta,XL,LIM,2023-10-12,Desgaste,1
RET000026,EMP00496,Pantalon,L,SCL,2022-04-16,Desgaste,2
RET000027,EMP00180,Chaleco,L,LIM,2025-06-30,Desgaste,2
RET000028,EMP00138,Zapatos,M,SCL,2022-12-21,Desgaste,1
RET000029,EMP00289,Corbata,M,GRU,2023-12-27,Cambio rol,2
RET000030,EMP00392,Pantalon,L,GRU,2022-08-14,Desgaste,2
RET000031,EMP00061,Zapatos,L,BOG,2024-04-01,Talla incorrecta,1
RET000032,EMP00411,Camisa,M,GRU,2024-05-09,Desgaste,1
RET000033,EMP00192,Chaqueta,XS,GRU,2022-01-05,Desgaste,1
RET000034,EMP00175,Zapatos,M,GRU,2025-08-12,Desgaste,1
RET000035,EMP00202,Chaqueta,M,GRU,2022-10-02,Cambio rol,1
RET000036,EMP00333,Pantalon,XL,BOG,2023-01-23,,1
RET000037,EMP00092,Zapatos,S,LIM,2023-01-05,Talla incorrecta,1
RET000038,EMP00260,Camisa,L,LIM,2023-06-27,Talla incorrecta,2
RET000039,EMP00197,Chaleco,M,BOG,2025-03-13,,2
RET000040,EMP00130,Chaqueta,XS,GRU,2025-06-02,Talla incorrecta,1
RET000041,EMP00343,Camisa,s ,Santiago,2022-05-20,,2
RET000042,EMP00415,Chaqueta,L,BOG,2025-07-17,Desgaste,1
RET000043,EMP00487,Camisa,L,BOG,2024-06-12,Desgaste,2
RET000044,EMP00301,Chaleco,S,SCL,2024-06-03,Talla incorrecta,2
RET000045,EMP00476,Camisa,L,MIA,2022-11-19,Cambio rol,1
RET000046,EMP00104,Pantalon,L,EZE,2022-03-01,Cambio rol,1
RET000047,EMP00451,Pantalon,XS,Santiago,2023-07-12,Daño,1
RET000048,EMP00387,Chaqueta,M,GRU,2022-03-03,Talla incorrecta,1
RET000049,EMP00356,Camisa,S,BOG,2022-02-22,,1
RET000050,EMP00475,Camisa,M,SCL,2023-12-29,Talla incorrecta,1
RET000051,EMP00250,Zapatos,xs,Sao Paulo,2025-02-16,Talla incorrecta,1
RET000052,EMP00043,Camisa,XL,BOG,2022-02-27,Cambio rol,1
RET000053,EMP00063,Chaleco,S,miami,2025-07-01,Desgaste,1
RET000054,EMP00245,Pantalon,L,SCL,2022-05-11,Cambio rol,1
RET000055,EMP00344,Chaleco,L,LIM,2024-05-05,Salida empresa,1
RET000056,EMP00280,Chaqueta,M,lima,2024-04-12,Desgaste,1
RET000057,EMP00400,Camisa,M,SCL,2024-11-06,Cambio rol,1
RET000058,EMP00147,Camisa,XL,BOG,,Cambio rol,1
RET000059,EMP00257,Chaleco,M,GRU,2024-05-31,Desgaste,2
RET000060,EMP00359,Corbata,M,GRU,2023-10-16,Salida empresa,1
RET000061,EMP00021,Camisa,L,GRU,2022-04-22,Desgaste,2
RET000062,EMP00230,Pantalon,XS,Sao Paulo,2022-01-04,Desgaste,2
RET000063,EMP00364,Chaleco,L,SCL,2025-10-14,Salida empresa,2
RET000064,EMP00484,Chaqueta,S,LIM,2025-03-07,Salida empresa,2
RET000065,EMP00069,Corbata,M,SCL,2025-09-06,Talla incorrecta,1
RET000066,EMP00282,Pantalon,L,GRU,2025-10-03,Cambio rol,2
RET000067,EMP00465,Corbata,L,SCL,2024-06-28,Desgaste,1
RET000068,EMP00225,Pantalon,L,SCL,2023-02-02,Desgaste,2
RET000069,EMP00009,Camisa,M,Sao Paulo,2023-04-26,Salida empresa,2
RET000070,EMP00198,Camisa,XS,SCL,2023-08-08,Salida empresa,2
RET000071,EMP00132,Pantalon,S,MIA,2024-06-23,Talla incorrecta,1
RET000072,EMP00292,Chaleco,L,MIA,2024-09-30,Desgaste,2
RET000073,EMP00084,Pantalon,M,LIM,2024-07-28,Daño,1
RET000074,EMP00219,Zapatos,S,LIM,2025-09-27,Salida empresa,1
RET000075,EMP00027,Pantalon,M,SCL,2023-04-07,Cambio rol,1
RET000076,EMP00149,Chaqueta,XS,SCL,2023-07-18,Cambio rol,2
RET000077,EMP00217,Zapatos,S,SCL,2025-05-12,Desgaste,1
RET000078,EMP00425,Chaleco,M,BOG,2023-07-16,Salida empresa,1
RET000079,EMP00288,Zapatos,M,GRU,2025-12-21,Desgaste,1
RET000080,EMP00139,Chaqueta,M,SCL,2024-12-23,Desgaste,1
RET000081,EMP00095,Camisa,M,GRU,2022-02-01,Desgaste,1
RET000082,EMP00302,Pantalon,XL,LIM,2025-03-18,Desgaste,1
RET000083,EMP00196,Pantalon,S,Santiago,2023-06-25,Salida empresa,1
RET000084,EMP00164,Pantalon,M,LIM,2024-06-04,Talla incorrecta,1
RET000085,EMP00138,Chaleco,M,LIM,2024-07-21,,1
RET000086,EMP00456,Chaqueta,M.,lima,2025-04-14,Cambio rol,2
RET000087,EMP00360,Chaqueta,L,EZE,2023-08-02,Desgaste,1
RET000088,EMP00103,Zapatos,L,EZE,2025-03-08,Cambio rol,1
RET000089,EMP00359,Pantalon,M,GRU,2023-05-15,Cambio rol,1
RET000090,EMP00208,Chaqueta,XL,SCL,2022-02-22,Talla incorrecta,2
RET000091,EMP00282,Pantalon,S,GRU,2022-10-22,Talla incorrecta,1
RET000092,EMP00118,Corbata,Extra Large,BOG,2025-10-28,Talla incorrecta,2
RET000093,EMP00498,Zapatos,S,SCL,2023-05-10,Daño,1
RET000094,EMP00067,Chaqueta,M,LIM,2022-09-30,Cambio rol,1
RET000095,EMP00384,Corbata,S,SCL,2025-09-04,Talla incorrecta,2
RET000096,EMP00436,Corbata,M,BOG,2023-03-22,Talla incorrecta,2
RET000097,EMP00408,Zapatos,L,LIM,2022-05-06,Cambio rol,2
RET000098,EMP00427,Camisa,L,BOG,2022-06-19,Daño,2
RET000099,EMP00220,Zapatos,M,SCL,2024-02-09,Daño,2
RET000100,EMP00456,Pantalon,M,EZE,2023-04-25,Desgaste,1
RET000101,EMP00424,Zapatos,L,Buenos Aires,2023-04-03,Daño,2
RET000102,EMP00087,Camisa,L,SCL,2022-10-10,Talla incorrecta,1
RET000103,EMP00037,Chaleco,M,SCL,2025-10-16,Desgaste,1
RET000104,EMP00041,Zapatos,Extra Large,BOG,2022-09-01,Salida empresa,1
RET000105,EMP00072,Pantalon,S,EZE,2025-02-10,Desgaste,2
RET000106,EMP00056,Zapatos,L,GRU,2022-01-29,Talla incorrecta,2
RET000107,EMP00351,Chaqueta,M,SCL,2022-05-23,Talla incorrecta,1
RET000108,EMP00039,Pantalon,S,EZE,2024-02-15,Daño,1
RET000109,EMP00162,Camisa,L,GRU,2023-09-03,Desgaste,2
RET000110,EMP00001,Camisa,L,SCL,2023-12-06,Daño,1
RET000111,EMP00087,Zapatos,L,SCL,2024-07-01,Cambio rol,1
RET000112,EMP00370,Chaleco,M,lima,2025-03-02,Cambio rol,1
RET000113,EMP00369,Camisa,S,SCL,2022-01-19,Salida empresa,1
RET000114,EMP00049,Pantalon,XL,GRU,2023-08-26,Talla incorrecta,1
RET000115,EMP00060,Chaleco,M,SCL,2025-06-15,Desgaste,1
RET000116,EMP00332,Zapatos,XL,BOG,,Cambio rol,2
RET000117,EMP00051,Zapatos,M,LIM,2024-12-19,Talla incorrecta,2
RET000118,EMP00176,Pantalon,L,SCL,2025-02-09,Cambio rol,1
RET000119,EMP00140,Chaleco,null,SCL,2023-06-23,Talla incorrecta,1
RET000120,EMP00216,Zapatos,null,BOG,2024-08-09,Desgaste,2
RET000121,EMP00453,Chaqueta,M,SCL,2025-11-22,Desgaste,1
RET000122,EMP00097,Zapatos,S,SCL,2024-07-15,Cambio rol,2
RET000123,EMP00468,Pantalon,S,LIM,2025-11-20,Cambio rol,1
RET000124,EMP00058,Zapatos,M,SCL,2025-11-11,Salida empresa,2
RET000125,EMP00295,Pantalon,S,MIA,,Salida empresa,2
RET000126,EMP00418,Camisa,S,SCL,2023-02-17,Daño,2
RET000127,EMP00260,Chaleco,S,MIA,2022-09-01,,2
RET000128,EMP00462,Camisa,L,MIA,2023-07-26,Daño,2
RET000129,EMP00248,Corbata,M,SCL,2025-08-06,Desgaste,1
RET000130,EMP00405,Pantalon,XL,SCL,2024-07-24,Cambio rol,1
RET000131,EMP00126,Chaqueta,M,SCL,2022-06-21,Talla incorrecta,1
RET000132,EMP00230,Camisa,L,GRU,2024-06-26,Cambio rol,1
RET000133,EMP00001,Pantalon,S,SCL,2024-12-15,Daño,1
RET000134,EMP00028,Corbata,M,SCL,2025-06-02,Desgaste,2
RET000135,EMP00090,Chaleco,L,BOG,2023-03-02,Cambio rol,2
RET000136,EMP00394,Camisa,L,SCL,2022-06-24,Desgaste,2
RET000137,EMP00307,Pantalon,M,BOG,,Salida empresa,2
RET000138,EMP00340,Chaqueta,s ,GRU,2022-11-18,Talla incorrecta,1
RET000139,EMP00060,Corbata,M.,SCL,2025-08-25,Daño,1
RET000140,EMP00279,Corbata,M.,EZE,2022-08-21,Salida empresa,1
RET000141,EMP00196,Chaleco,S,LIM,2023-02-08,Desgaste,2
RET000142,EMP00245,Chaqueta,XL,Sao Paulo,2025-07-02,Salida empresa,2
RET000143,EMP00172,Zapatos,L,LIM,2024-04-20,Desgaste,1
RET000144,EMP00169,Camisa,M,EZE,2024-07-08,Salida empresa,1
RET000145,EMP00447,Camisa,XS,SCL,2024-05-29,Salida empresa,2
RET000146,EMP00208,Pantalon,XS,GRU,,Desgaste,2
RET000147,EMP00396,Zapatos,S,SCL,2022-05-11,Salida empresa,1
RET000148,EMP00126,Camisa,S,GRU,2024-01-03,Daño,2
RET000149,EMP00477,Chaleco,S,LIM,2024-05-24,Salida empresa,1
RET000150,EMP00153,Camisa,M,GRU,2024-02-17,Desgaste,2
RET000151,EMP00468,Chaleco,L,MIA,2023-06-28,Desgaste,2
RET000152,EMP00209,Camisa,XL,SCL,2025-03-21,Desgaste,1
RET000153,EMP00352,Camisa,L,BOG,2022-08-22,Talla incorrecta,1
RET000154,EMP00458,Chaleco,XL,GRU,2022-05-03,Desgaste,1
RET000155,EMP00230,Chaleco,M.,Santiago,2023-11-02,Daño,2
RET000156,EMP00093,Camisa,S,SCL,,Talla incorrecta,1
RET000157,EMP00436,Pantalon,LL,GRU,2025-04-02,Desgaste,1
RET000158,EMP00359,Camisa,XL,BOG,2023-09-30,Desgaste,2
RET000159,EMP00428,Chaleco,M,SCL,2022-08-05,Talla incorrecta,2
RET000160,EMP00080,Chaqueta,Extra Large,BOG,2024-06-30,Cambio rol,2
RET000161,EMP00275,Camisa,S,GRU,2022-12-23,Desgaste,2
RET000162,EMP00362,Camisa,L,SCL,2025-12-08,Cambio rol,2
RET000163,EMP00341,Pantalon,S,Santiago,2023-09-28,Cambio rol,2
RET000164,EMP00438,Pantalon,M,EZE,2024-11-13,Desgaste,2
RET000165,EMP00125,Camisa,S,GRU,2023-03-21,Cambio rol,1
RET000166,EMP00069,Chaleco,L,LIM,,Desgaste,1
RET000167,EMP00372,Zapatos,XL,SCL,2025-10-05,Cambio rol,2
RET000168,EMP00112,Zapatos,XS,GRU,,Desgaste,1
RET000169,EMP00352,Pantalon,L,BOG,,Daño,1
RET000170,EMP00128,Pantalon,M,SCL,2022-08-13,Cambio rol,1
RET000171,EMP00056,Camisa,L,BOG,2024-06-27,Desgaste,2
RET000172,EMP00305,Corbata,null,LIM,2024-01-27,Desgaste,1
RET000173,EMP00020,Zapatos,L,EZE,2022-08-10,Daño,2
RET000174,EMP00194,Pantalon,XL,LIM,2024-07-12,Daño,1
RET000175,EMP00100,Chaleco,XS,BOG,2024-02-04,Talla incorrecta,1
RET000176,EMP00232,Corbata,M,SCL,2023-08-29,Desgaste,2
RET000177,EMP00186,Chaqueta,M,SCL,2024-12-01,Desgaste,1
RET000178,EMP00456,Camisa,L,SCL,2025-03-22,Desgaste,2
RET000179,EMP00333,Zapatos,S,MIA,2025-08-10,,1
RET000180,EMP00500,Camisa,M,GRU,2024-02-13,Desgaste,2
RET000181,EMP00248,Chaleco,M,EZE,2025-09-22,Desgaste,1
RET000182,EMP00235,Camisa,L,GRU,2023-06-19,Desgaste,1
RET000183,EMP00145,Chaleco,M,GRU,2024-04-27,Desgaste,2
RET000184,EMP00184,Chaleco,L,GRU,2023-05-24,Salida empresa,2
RET000185,EMP00417,Camisa,L,SCL,2022-04-23,Desgaste,2
RET000186,EMP00190,Camisa,M,GRU,2023-05-29,Talla incorrecta,2
RET000187,EMP00134,Zapatos,M,LIM,2025-08-20,Desgaste,2
RET000188,EMP00291,Camisa,XL,SCL,,Salida empresa,1
RET000189,EMP00398,Corbata,M,SCL,2023-12-07,Daño,2
RET000190,EMP00254,Camisa,L,BOG,2023-08-09,Salida empresa,2
RET000191,EMP00073,Camisa,XXL,GRU,,Desgaste,1
RET000192,EMP00057,Camisa,M,BOG,2025-09-03,Daño,1
RET000193,EMP00439,Chaleco,M,EZE,2024-09-22,Talla incorrecta,1
RET000194,EMP00117,Chaqueta,L,GRU,2022-07-30,Cambio rol,1
RET000195,EMP00454,Camisa,L,BOG,2024-06-15,Desgaste,1
RET000196,EMP00212,Camisa,M,MIA,2022-01-09,Talla incorrecta,2
RET000197,EMP00500,Camisa,L,SCL,2023-01-01,Talla incorrecta,1
RET000198,EMP00222,Chaqueta,M,Santiago,2022-03-22,Desgaste,1
RET000199,EMP00450,Chaleco,S,GRU,2025-03-25,Desgaste,2
RET000200,EMP00399,Chaleco,M,SCL,2025-03-12,Talla incorrecta,2
RET000201,EMP00111,Camisa,M,LIM,2023-03-09,Talla incorrecta,1
RET000202,EMP00191,Chaleco,M,GRU,2024-04-01,Desgaste,1
RET000203,EMP00231,Zapatos,XXL,LIM,2023-11-25,Desgaste,2
RET000204,EMP00412,Chaleco,L,Santiago,2024-03-01,Salida empresa,2
RET000205,EMP00088,Chaqueta,S,SCL,2023-09-30,Talla incorrecta,1
RET000206,EMP00236,Corbata,Extra Large,LIM,2022-07-08,Cambio rol,2
RET000207,EMP00163,Camisa,L,SCL,2022-03-17,Cambio rol,1
RET000208,EMP00069,Chaqueta,M,MIA,2025-06-13,Salida empresa,1
RET000209,EMP00445,Chaleco,M,SCL,2023-02-21,Desgaste,2
RET000210,EMP00434,Chaleco,xs,SCL,2024-08-19,Salida empresa,1
RET000211,EMP00400,Pantalon,M,BOG,2025-04-06,Desgaste,1
RET000212,EMP00031,Pantalon,L,GRU,2022-12-08,Cambio rol,1
RET000213,EMP00136,Zapatos,M,SCL,2024-10-19,,2
RET000214,EMP00095,Chaleco,XXL,GRU,2023-02-18,Talla incorrecta,2
RET000215,EMP00243,Corbata,XL,GRU,2024-01-15,Talla incorrecta,1
RET000216,EMP00317,Zapatos,M,MIA,2022-07-19,Cambio rol,2
RET000217,EMP00294,Camisa,XXL,BOG,2023-05-21,Daño,2
RET000218,EMP00321,Zapatos,L,LIM,,Cambio rol,1
RET000219,EMP00218,Chaqueta,XL,LIM,2023-11-03,Desgaste,2
RET000220,EMP00493,Chaleco,M,SCL,2022-06-30,Desgaste,1
RET000221,EMP00328,Camisa,S,miami,2023-05-16,Cambio rol,1
RET000222,EMP00235,Zapatos,L,BOG,2025-11-14,Salida empresa,1
RET000223,EMP00231,Camisa,S,GRU,2022-02-18,Desgaste,2
RET000224,EMP00206,Chaqueta,M,SCL,2022-12-11,Salida empresa,2
RET000225,EMP00367,Chaleco,XL,EZE,2024-03-31,Cambio rol,2
RET000226,EMP00224,Pantalon,M,LIM,2025-10-29,Salida empresa,1
RET000227,EMP00133,Zapatos,M,GRU,2023-02-17,Desgaste,2
RET000228,EMP00199,Pantalon,XL,LIM,2023-02-07,,1
RET000229,EMP00183,Pantalon,L,MIA,2024-10-03,Desgaste,2
RET000230,EMP00294,Chaleco,XL,LIM,2023-08-16,Talla incorrecta,1
RET000231,EMP00058,Pantalon,L,BOG,2024-08-17,Salida empresa,1
RET000232,EMP00377,Chaleco,L,GRU,2025-10-16,Talla incorrecta,2
RET000233,EMP00360,Camisa,L,SCL,2022-05-22,Talla incorrecta,1
RET000234,EMP00204,Camisa,L,Santiago,2025-01-08,Desgaste,2
RET000235,EMP00098,Zapatos,M,SCL,2025-03-27,Desgaste,2
RET000236,EMP00214,Pantalon,L,BOG,2023-01-30,Talla incorrecta,2
RET000237,EMP00339,Chaleco,S,BOG,2022-10-13,Desgaste,1
RET000238,EMP00170,Camisa,M.,SCL,2022-05-01,Desgaste,2
RET000239,EMP00398,Camisa,Extra Large,BOG,2023-08-15,Talla incorrecta,1
RET000240,EMP00432,Corbata,M,BOG,2023-08-21,Desgaste,2
RET000241,EMP00166,Camisa,L,SCL,,Desgaste,1
RET000242,EMP00192,Chaleco,S,SCL,2024-10-31,Desgaste,1
RET000243,EMP00194,Corbata,XL,GRU,2023-11-10,Desgaste,1
RET000244,EMP00251,Chaleco,L,BOG,2025-01-19,Daño,1
RET000245,EMP00317,Corbata,L,GRU,2024-08-09,Desgaste,1
RET000246,EMP00090,Chaqueta,L,SCL,2025-08-08,Desgaste,1
RET000247,EMP00091,Zapatos,XS,EZE,2024-05-10,Desgaste,1
RET000248,EMP00394,Camisa,L,GRU,2024-04-24,Cambio rol,1
RET000249,EMP00245,Pantalon,M.,BOG,2024-12-15,Cambio rol,1
RET000250,EMP00087,Zapatos,M,GRU,2025-04-05,Cambio rol,1
RET000251,EMP00428,Corbata,M,SCL,2023-11-30,Desgaste,1
RET000252,EMP00168,Camisa,M,BOG,2025-01-15,,1
RET000253,EMP00487,Chaleco,L,GRU,2025-03-23,Cambio rol,2
RET000254,EMP00364,Chaqueta,S,SCL,2025-10-07,Desgaste,2
RET000255,EMP00168,Camisa,M,MIA,2024-02-26,Desgaste,1
RET000256,EMP00430,Chaleco,M,LIM,2025-11-27,Salida empresa,2
RET000257,EMP00019,Pantalon,L,MIA,2025-03-31,Desgaste,2
RET000258,EMP00487,Chaqueta,M,GRU,2024-04-17,Talla incorrecta,2
RET000259,EMP00365,Pantalon,L,GRU,2022-09-10,Desgaste,1
RET000260,EMP00142,Chaqueta,XS,GRU,2023-02-23,Desgaste,2
RET000261,EMP00117,Corbata,L,GRU,2025-05-14,,2
RET000262,EMP00110,Chaleco,XS,GRU,,Salida empresa,1
RET000263,EMP00418,Camisa,L,BOG,2023-12-01,Talla incorrecta,2
RET000264,EMP00446,Chaleco,L,GRU,2023-01-21,Salida empresa,2
RET000265,EMP00464,Chaqueta,L,GRU,2023-10-30,Desgaste,1
RET000266,EMP00278,Corbata,XS,EZE,2022-09-25,Salida empresa,2
RET000267,EMP00297,Camisa,L,SCL,2022-08-22,Desgaste,1
RET000268,EMP00180,Zapatos,L,SCL,2025-12-11,Salida empresa,2
RET000269,EMP00178,Corbata,XL,GRU,2024-10-21,Cambio rol,1
RET000270,EMP00285,Pantalon,XXXL,MIA,2023-08-21,,1
RET000271,EMP00083,Zapatos,,GRU,2024-10-15,Desgaste,2
RET000272,EMP00055,Chaleco,M,BOG,,Desgaste,2
RET000273,EMP00290,Zapatos,M,GRU,2023-08-26,Desgaste,1
RET000274,EMP00004,Chaqueta,XXL,SCL,2022-07-10,Desgaste,1
RET000275,EMP00292,Pantalon,XS,BOG,2024-02-21,Talla incorrecta,2
RET000276,EMP00105,Camisa,M.,SCL,2022-09-08,Desgaste,1
RET000277,EMP00327,Zapatos,M,SCL,2025-12-14,Desgaste,1
RET000278,EMP00174,Chaleco,L,SCL,2022-10-21,Daño,2
RET000279,EMP00385,Camisa,XXL,BOG,2023-11-28,Desgaste,2
RET000280,EMP00195,Corbata,M,lima,2023-05-10,Salida empresa,1
RET000281,EMP00433,Chaqueta,XS,GRU,2023-09-16,Daño,1
RET000282,EMP00498,Camisa,S,BOG,,Cambio rol,1
RET000283,EMP00363,Pantalon,M,LIM,2025-10-19,Desgaste,1
RET000284,EMP00296,Pantalon,XS,SCL,2025-05-03,Cambio rol,2
RET000285,EMP00184,Pantalon,L,EZE,2025-01-27,Talla incorrecta,2
RET000286,EMP00198,Chaleco,M,EZE,2023-05-13,Desgaste,1
RET000287,EMP00178,Pantalon,L,SCL,2023-06-11,Desgaste,1
RET000288,EMP00325,Pantalon,L,LIM,2025-07-17,Cambio rol,1
RET000289,EMP00360,Camisa,XL,EZE,2024-01-04,Talla incorrecta,2
RET000290,EMP00386,Chaleco,XL,GRU,2025-06-22,Desgaste,2
RET000291,EMP00270,Pantalon,XS,SCL,,Desgaste,2
RET000292,EMP00141,Corbata,L,LIM,2025-02-17,Daño,2
RET000293,EMP00139,Zapatos,M,SCL,2023-07-27,Talla incorrecta,1
RET000294,EMP00241,Camisa,XL,SCL,2023-10-12,Desgaste,1
RET000295,EMP00241,Chaqueta,M,EZE,2022-07-10,Desgaste,2
RET000296,EMP00397,Pantalon,S,BOG,2024-03-21,Talla incorrecta,2
RET000297,EMP00483,Camisa,XXXL,SCL,,Cambio rol,1
RET000298,EMP00034,Chaleco,XXL,SCL,2022-03-03,Desgaste,2
RET000299,EMP00053,Corbata,L,SCL,2024-10-23,Talla incorrecta,2
RET000300,EMP00030,Camisa,S,Sao Paulo,2023-04-10,Desgaste,2
RET000301,EMP00445,Pantalon,M,SCL,2023-08-12,Salida empresa,1
RET000302,EMP00243,Corbata,L,LIM,2024-01-07,Talla incorrecta,1
RET000303,EMP00492,Chaleco,M,LIM,2025-02-08,Desgaste,1
RET000304,EMP00036,Camisa,M,LIM,2024-11-27,Cambio rol,1
RET000305,EMP00410,Pantalon,L,bogota,2023-09-27,Desgaste,1
RET000306,EMP00450,Chaleco,XXL,GRU,2022-09-11,Talla incorrecta,2
RET000307,EMP00335,Chaleco,M,SCL,2023-01-05,Cambio rol,2
RET000308,EMP00208,Zapatos,M,GRU,2023-02-15,Salida empresa,1
RET000309,EMP00079,Chaleco,L,GRU,2025-08-04,Talla incorrecta,1
RET000310,EMP00003,Camisa,S,GRU,2022-07-12,Desgaste,2
RET000311,EMP00320,Camisa,L,GRU,2025-02-12,Cambio rol,2
RET000312,EMP00280,Corbata,L,SCL,2022-11-16,Daño,1
RET000313,EMP00226,Pantalon,L,LIM,2022-09-03,Desgaste,2
RET000314,EMP00462,Chaleco,M,Buenos Aires,2025-03-10,Talla incorrecta,1
RET000315,EMP00279,Corbata,LL,MIA,2024-01-17,Talla incorrecta,2
RET000316,EMP00470,Pantalon,L,GRU,2022-07-16,Desgaste,1
RET000317,EMP00449,Camisa,Extra Large,LIM,,Talla incorrecta,1
RET000318,EMP00047,Pantalon,M,SCL,2023-04-14,Desgaste,1
RET000319,EMP00345,Chaqueta,L,SCL,2024-10-18,Desgaste,2
RET000320,EMP00176,Camisa,M,SCL,2022-06-05,Desgaste,1
RET000321,EMP00036,Chaleco,M,EZE,2023-10-23,Desgaste,2
RET000322,EMP00014,Zapatos,L,GRU,2023-05-22,Desgaste,2
RET000323,EMP00173,Corbata,M,LIM,2022-02-19,Daño,2
RET000324,EMP00219,Zapatos,XS,SCL,2022-08-20,Salida empresa,2
RET000325,EMP00395,Camisa,XXL,lima,2024-07-11,Desgaste,2
RET000326,EMP00492,Chaleco,XXL,SCL,2022-10-05,Cambio rol,1
RET000327,EMP00111,Chaleco,XL,GRU,2023-10-11,Salida empresa,1
RET000328,EMP00425,Pantalon,XL,BOG,2023-07-27,Desgaste,2
RET000329,EMP00025,Pantalon,L,SCL,2025-06-29,Talla incorrecta,2
RET000330,EMP00403,Camisa,XXL,SCL,2023-08-03,Salida empresa,2
RET000331,EMP00048,Camisa,XS,LIM,2025-03-26,Desgaste,2
RET000332,EMP00272,Camisa,M,Sao Paulo,2023-07-12,Desgaste,1
RET000333,EMP00379,Camisa,,LIM,2024-07-07,Salida empresa,1
RET000334,EMP00144,Pantalon,M,SCL,2025-03-11,Cambio rol,1
RET000335,EMP00209,Pantalon,M,EZE,2024-07-31,Daño,1
RET000336,EMP00493,Chaqueta,M,SCL,2024-01-25,Daño,2
RET000337,EMP00373,Corbata,XL,SCL,2025-06-13,Daño,2
RET000338,EMP00077,Camisa,L,EZE,2023-09-29,Desgaste,2
RET000339,EMP00408,Chaqueta,M,EZE,2023-11-12,Salida empresa,1
RET000340,EMP00210,Camisa,XL,GRU,2023-05-21,Cambio rol,2
RET000341,EMP00387,Pantalon,s ,SCL,2024-07-28,Talla incorrecta,2
RET000342,EMP00466,Zapatos,Extra Large,SCL,2024-05-28,Cambio rol,1
RET000343,EMP00027,Corbata,XL,GRU,2025-07-16,Cambio rol,2
RET000344,EMP00259,Pantalon,M,LIM,2025-04-08,Desgaste,1
RET000345,EMP00129,Zapatos,S,BOG,2023-07-26,Daño,2
RET000346,EMP00408,Zapatos,L,BOG,2022-11-28,Cambio rol,2
RET000347,EMP00268,Pantalon,M,BOG,,Desgaste,1
RET000348,EMP00460,Camisa,M,SCL,2024-02-20,Desgaste,1
RET000349,EMP00450,Chaqueta,M,Santiago,2022-07-24,Desgaste,1
RET000350,EMP00228,Pantalon,M,EZE,2022-10-09,Cambio rol,2
RET000351,EMP00356,Camisa,M,GRU,2023-08-26,Desgaste,1
RET000352,EMP00348,Chaleco,M,GRU,2022-08-24,Salida empresa,2
RET000353,EMP00066,Chaleco,M,SCL,2024-08-22,Desgaste,1
RET000354,EMP00446,Pantalon,M,Santiago,2024-12-03,Cambio rol,2
RET000355,EMP00251,Chaqueta,XL,LIM,2023-06-18,Desgaste,1
RET000356,EMP00342,Chaqueta,M,SCL,2025-09-18,Talla incorrecta,1
RET000357,EMP00131,Chaqueta,M,Santiago,2023-04-12,Cambio rol,1
RET000358,EMP00412,Pantalon,M,GRU,2025-12-30,,2
RET000359,EMP00195,Camisa,M,BOG,2022-07-28,Talla incorrecta,2
RET000360,EMP00257,Pantalon,L,GRU,2025-04-19,Cambio rol,1
RET000361,EMP00288,Chaqueta,XL,SCL,2022-12-12,Desgaste,1
RET000362,EMP00180,Camisa,L,SCL,2025-04-06,Desgaste,1
RET000363,EMP00187,Zapatos,M,EZE,2022-08-23,Cambio rol,2
RET000364,EMP00245,Pantalon,L,LIM,2023-08-02,Daño,1
RET000365,EMP00132,Pantalon,M,Santiago,2022-02-07,Desgaste,1
RET000366,EMP00275,Chaleco,M,SCL,2022-07-27,Salida empresa,2
RET000367,EMP00098,Pantalon,S,LIM,2024-04-18,Talla incorrecta,1
RET000368,EMP00490,Zapatos,XL,SCL,2024-01-11,Talla incorrecta,2
RET000369,EMP00457,Chaqueta,LL,lima,2024-03-22,Desgaste,2
RET000370,EMP00463,Zapatos,XXXL,EZE,,,2
RET000371,EMP00183,Chaqueta,M,Buenos Aires,2025-04-26,Desgaste,2
RET000372,EMP00035,Pantalon,M,SCL,2024-07-28,Salida empresa,2
RET000373,EMP00038,Chaleco,L,MIA,2023-07-02,Talla incorrecta,1
RET000374,EMP00178,Zapatos,M,GRU,2022-12-05,Desgaste,1
RET000375,EMP00103,Camisa,S,GRU,2024-12-06,Daño,2
RET000376,EMP00283,Chaqueta,S,GRU,2024-10-25,Cambio rol,2
RET000377,EMP00417,Chaqueta,M,SCL,2025-08-30,Salida empresa,1
RET000378,EMP00227,Pantalon,M,EZE,2022-06-07,Desgaste,1
RET000379,EMP00492,Chaqueta,S,BOG,2022-07-24,Desgaste,2
RET000380,EMP00147,Chaleco,Extra Large,SCL,2023-12-07,Desgaste,2
RET000381,EMP00080,Zapatos,M,GRU,2025-02-09,Desgaste,2
RET000382,EMP00130,Pantalon,S,SCL,2024-10-08,Desgaste,1
RET000383,EMP00301,Zapatos,M.,LIM,2023-12-07,Talla incorrecta,2
RET000384,EMP00497,Pantalon,XS,LIM,2024-08-18,Desgaste,1
RET000385,EMP00357,Zapatos,XL,BOG,2023-06-14,Desgaste,1
RET000386,EMP00500,Zapatos,M,GRU,2025-09-21,Desgaste,1
RET000387,EMP00347,Chaqueta,L,MIA,2024-07-09,Talla incorrecta,1
RET000388,EMP00469,Corbata,XL,GRU,2025-06-19,Desgaste,2
RET000389,EMP00415,Pantalon,M,GRU,2023-04-02,Salida empresa,1
RET000390,EMP00089,Chaleco,M,Buenos Aires,,Cambio rol,1
RET000391,EMP00302,Camisa,XL,LIM,2025-07-28,Cambio rol,2
RET000392,EMP00299,Camisa,M,GRU,2022-04-19,Desgaste,1
RET000393,EMP00300,Pantalon,L,LIM,2025-12-26,Cambio rol,1
RET000394,EMP00420,Chaqueta,L,EZE,2022-11-28,Cambio rol,2
RET000395,EMP00110,Pantalon,XXL,GRU,2022-11-11,,1
RET000396,EMP00059,Camisa,L,GRU,2024-07-09,Talla incorrecta,2
RET000397,EMP00469,Chaleco,M,bogota,2022-02-20,Salida empresa,2
RET000398,EMP00172,Pantalon,xs,Sao Paulo,2023-11-14,Desgaste,1
RET000399,EMP00417,Corbata,M,LIM,2023-11-12,Daño,1
RET000400,EMP00408,Chaqueta,M,EZE,2023-02-13,Desgaste,1
RET000401,EMP00426,Pantalon,M,BOG,2024-07-28,Salida empresa,1
RET000402,EMP00165,Corbata,L,EZE,2025-09-02,Talla incorrecta,2
RET000403,EMP00364,Corbata,S,miami,,Cambio rol,2
RET000404,EMP00056,Pantalon,L,BOG,2023-03-21,Talla incorrecta,1
RET000405,EMP00136,Zapatos,s ,LIM,2025-02-10,Salida empresa,1
RET000406,EMP00261,Chaleco,XS,LIM,2022-07-31,Desgaste,1
RET000407,EMP00254,Chaleco,M,SCL,2022-06-29,Daño,2
RET000408,EMP00448,Zapatos,M,GRU,2022-03-13,Talla incorrecta,1
RET000409,EMP00128,Chaleco,XL,BOG,2023-01-07,Desgaste,2
RET000410,EMP00327,Zapatos,XXL,GRU,2025-04-12,Desgaste,1
RET000411,EMP00059,Chaqueta,M,BOG,2023-07-31,Talla incorrecta,2
RET000412,EMP00127,Chaqueta,L,lima,2023-09-19,Desgaste,1
RET000413,EMP00112,Chaqueta,S,EZE,2023-08-26,,1
RET000414,EMP00097,Chaleco,L,GRU,2023-01-28,Daño,1
RET000415,EMP00181,Chaleco,xs,Sao Paulo,2023-12-15,Salida empresa,2
RET000416,EMP00329,Pantalon,M,BOG,2025-04-15,Desgaste,1
RET000417,EMP00439,Corbata,s ,SCL,2024-10-31,Talla incorrecta,1
RET000418,EMP00211,Chaleco,S,SCL,2023-04-30,Desgaste,2
RET000419,EMP00106,Corbata,XXL,SCL,2024-02-17,,1
RET000420,EMP00312,Chaqueta,M,SCL,2024-10-11,Desgaste,2
RET000421,EMP00429,Chaqueta,L,EZE,2023-12-08,,1
RET000422,EMP00288,Chaleco,XXL,BOG,2024-09-07,Desgaste,2
RET000423,EMP00430,Camisa,S,BOG,2024-05-19,Desgaste,1
RET000424,EMP00212,Zapatos,L,LIM,2023-06-12,Desgaste,1
RET000425,EMP00215,Chaleco,M,MIA,2025-03-15,Salida empresa,2
RET000426,EMP00084,Pantalon,L,SCL,2025-06-10,Desgaste,1
RET000427,EMP00431,Pantalon,M,BOG,2024-05-18,Salida empresa,2
RET000428,EMP00070,Corbata,L,SCL,2025-10-30,,2
RET000429,EMP00291,Camisa,S,EZE,2023-09-16,Desgaste,1
RET000430,EMP00388,Chaleco,L,SCL,2023-10-01,Talla incorrecta,2
RET000431,EMP00212,Chaleco,M,LIM,2023-12-15,Daño,1
RET000432,EMP00013,Chaqueta,M,LIM,2025-09-16,Talla incorrecta,1
RET000433,EMP00139,Pantalon,S,lima,,Desgaste,2
RET000434,EMP00289,Camisa,S,SCL,2024-01-10,Salida empresa,2
RET000435,EMP00173,Zapatos,L,BOG,2025-04-21,Desgaste,1
RET000436,EMP00469,Chaqueta,M,EZE,2023-10-10,Desgaste,2
RET000437,EMP00177,Zapatos,XXL,lima,2024-06-07,Talla incorrecta,2
RET000438,EMP00374,Camisa,M,LIM,2024-09-19,Desgaste,2
RET000439,EMP00493,Zapatos,XS,GRU,2024-02-23,Salida empresa,1
RET000440,EMP00397,Chaleco,XXXL,BOG,2022-10-22,Desgaste,1
RET000441,EMP00218,Pantalon,XL,SCL,2023-01-15,Desgaste,1
RET000442,EMP00282,Zapatos,XS,BOG,2024-08-06,Daño,2
RET000443,EMP00486,Pantalon,M,BOG,2025-07-07,Daño,1
RET000444,EMP00430,Chaleco,M,GRU,2025-06-02,Cambio rol,2
RET000445,EMP00078,Zapatos,L,BOG,2022-07-27,Talla incorrecta,2
RET000446,EMP00182,Corbata,XL,MIA,2024-03-27,Talla incorrecta,2
RET000447,EMP00039,Zapatos,M,Sao Paulo,,Talla incorrecta,2
RET000448,EMP00021,Pantalon,XXL,SCL,2023-12-01,Desgaste,1
RET000449,EMP00016,Corbata,M,lima,2023-02-26,Daño,1
RET000450,EMP00197,Camisa,XXXL,LIM,2025-11-29,Desgaste,1
RET000451,EMP00219,Camisa,,SCL,2025-11-29,Desgaste,2
RET000452,EMP00245,Zapatos,M,LIM,2024-04-14,Desgaste,1
RET000453,EMP00307,Camisa,Extra Large,miami,2024-01-22,Daño,1
RET000454,EMP00017,Corbata,xs,SCL,2022-06-09,Cambio rol,1
RET000455,EMP00473,Corbata,S,GRU,2024-05-05,Desgaste,2
RET000456,EMP00081,Camisa,M,BOG,2024-03-28,Talla incorrecta,1
RET000457,EMP00408,Camisa,M,SCL,2024-04-21,Desgaste,2
RET000458,EMP00499,Chaqueta,M,EZE,2024-11-18,Desgaste,2
RET000459,EMP00194,Chaqueta,L,BOG,2022-01-30,Salida empresa,1
RET000460,EMP00227,Pantalon,M,BOG,2023-09-09,Desgaste,1
RET000461,EMP00060,Zapatos,M,SCL,2022-02-15,Salida empresa,1
RET000462,EMP00354,Chaqueta,M,SCL,2023-07-21,Desgaste,1
RET000463,EMP00133,Pantalon,L,GRU,2023-02-12,Desgaste,1
RET000464,EMP00329,Chaleco,L,GRU,2023-05-05,Cambio rol,2
RET000465,EMP00061,Camisa,S,BOG,2024-11-24,Daño,1
RET000466,EMP00472,Camisa,L,SCL,,Talla incorrecta,1
RET000467,EMP00306,Pantalon,M,SCL,2025-09-08,Daño,2
RET000468,EMP00447,Chaqueta,L,GRU,2024-10-04,,1
RET000469,EMP00010,Chaqueta,S,GRU,2022-01-21,Desgaste,2
RET000470,EMP00470,Zapatos,M,MIA,2025-10-14,Talla incorrecta,1
RET000471,EMP00081,Chaqueta,S,SCL,2025-03-02,Daño,2
RET000472,EMP00347,Pantalon,M,GRU,2022-02-12,Desgaste,2
RET000473,EMP00247,Chaqueta,M,GRU,2024-06-23,Talla incorrecta,2
RET000474,EMP00432,Zapatos,,GRU,2023-11-18,Talla incorrecta,2
RET000475,EMP00477,Chaqueta,S,GRU,2022-07-18,Salida empresa,2
RET000476,EMP00125,Camisa,L,LIM,2024-06-11,Daño,1
RET000477,EMP00007,Chaqueta,S,SCL,2022-12-01,Cambio rol,1
RET000478,EMP00091,Chaleco,XL,SCL,2023-12-15,Cambio rol,2
RET000479,EMP00136,Camisa,LL,GRU,,Desgaste,1
RET000480,EMP00167,Pantalon,S,EZE,2025-10-07,Cambio rol,1
RET000481,EMP00304,Chaleco,L,SCL,2025-12-14,Talla incorrecta,2
RET000482,EMP00112,Chaleco,S,MIA,2025-06-02,Desgaste,1
RET000483,EMP00091,Camisa,M,SCL,2024-05-31,Talla incorrecta,1
RET000484,EMP00050,Camisa,M,LIM,2023-10-26,Cambio rol,1
RET000485,EMP00054,Corbata,null,BOG,2022-05-28,Desgaste,1
RET000486,EMP00253,Zapatos,LL,SCL,2025-02-05,Talla incorrecta,1
RET000487,EMP00166,Pantalon,M,GRU,2022-12-30,Talla incorrecta,2
RET000488,EMP00426,Pantalon,XL,LIM,2024-10-21,Desgaste,2
RET000489,EMP00451,Chaleco,M,Santiago,2024-11-02,Cambio rol,2
RET000490,EMP00495,Chaqueta,M,GRU,2022-03-21,Cambio rol,1
RET000491,EMP00280,Pantalon,S,MIA,2022-12-22,Desgaste,1
RET000492,EMP00476,Pantalon,null,BOG,2025-03-04,Daño,2
RET000493,EMP00038,Pantalon,S,EZE,2022-02-07,Desgaste,2
RET000494,EMP00081,Corbata,XL,BOG,2025-01-06,Talla incorrecta,2
RET000495,EMP00457,Camisa,S,LIM,2023-02-17,Desgaste,2
RET000496,EMP00261,Corbata,L,GRU,2022-08-17,Desgaste,1
RET000497,EMP00347,Chaleco,L,GRU,2024-05-02,Desgaste,2
RET000498,EMP00379,Corbata,S,LIM,,Salida empresa,1
RET000499,EMP00169,Pantalon,L,GRU,2023-03-28,Desgaste,1
RET000500,EMP00089,Zapatos,M,GRU,2023-03-24,Salida empresa,2
RET000501,EMP00021,Camisa,XS,SCL,2025-02-15,Talla incorrecta,1
RET000502,EMP00054,Pantalon,M,GRU,2024-03-29,,1
RET000503,EMP00312,Zapatos,S,GRU,2024-07-20,Desgaste,1
RET000504,EMP00322,Camisa,M,BOG,2025-05-24,Desgaste,2
RET000505,EMP00404,Pantalon,M,GRU,2023-05-01,Desgaste,2
RET000506,EMP00461,Camisa,M,EZE,2024-03-12,Cambio rol,1
RET000507,EMP00178,Chaqueta,L,GRU,2025-05-24,Desgaste,1
RET000508,EMP00205,Chaleco,XXL,SCL,2022-10-17,Desgaste,2
RET000509,EMP00146,Chaleco,S,SCL,2024-04-08,Desgaste,2
RET000510,EMP00317,Corbata,Extra Large,Santiago,2023-05-15,Desgaste,1
RET000511,EMP00319,Camisa,L,GRU,2023-09-23,Desgaste,2
RET000512,EMP00295,Chaqueta,M,SCL,2025-01-31,Daño,1
RET000513,EMP00134,Camisa,XL,BOG,2024-04-21,Talla incorrecta,1
RET000514,EMP00031,Pantalon,M.,MIA,2023-03-22,,1
RET000515,EMP00194,Camisa,M,LIM,2023-09-17,Talla incorrecta,1
RET000516,EMP00073,Pantalon,M,BOG,2023-03-30,Talla incorrecta,2
RET000517,EMP00234,Pantalon,M,BOG,2022-03-24,Desgaste,2
RET000518,EMP00103,Corbata,L,LIM,2025-04-23,Desgaste,1
RET000519,EMP00108,Corbata,M,MIA,2024-05-01,Desgaste,2
RET000520,EMP00386,Corbata,S,LIM,2024-03-22,Desgaste,2
RET000521,EMP00395,Chaleco,XL,GRU,2025-04-02,Salida empresa,1
RET000522,EMP00389,Chaqueta,S,SCL,,Desgaste,2
RET000523,EMP00210,Chaqueta,M,SCL,2023-08-21,Desgaste,1
RET000524,EMP00042,Camisa,L,LIM,2025-03-05,Talla incorrecta,1
RET000525,EMP00432,Chaqueta,M,GRU,2023-10-25,Cambio rol,1
RET000526,EMP00085,Pantalon,M,BOG,2022-04-18,Daño,1
RET000527,EMP00253,Zapatos,M,SCL,2023-01-18,Talla incorrecta,1
RET000528,EMP00273,Chaleco,M,MIA,2022-04-22,Talla incorrecta,1
RET000529,EMP00091,Pantalon,L,EZE,2025-09-13,Desgaste,2
RET000530,EMP00407,Camisa,XS,BOG,2025-01-29,Cambio rol,2
RET000531,EMP00303,Chaleco,M,GRU,2024-09-08,Desgaste,1
RET000532,EMP00074,Chaleco,,SCL,2023-03-15,Daño,2
RET000533,EMP00426,Chaqueta,L,GRU,2022-05-28,Desgaste,2
RET000534,EMP00142,Chaqueta,M.,BOG,2024-06-13,Cambio rol,2
RET000535,EMP00205,Camisa,S,BOG,2022-08-01,Salida empresa,2
RET000536,EMP00035,Camisa,xs,LIM,2023-06-22,Desgaste,2
RET000537,EMP00077,Corbata,L,GRU,2024-05-24,Cambio rol,1
RET000538,EMP00404,Chaqueta,null,MIA,2024-10-26,Desgaste,1
RET000539,EMP00145,Camisa,M,SCL,2024-11-29,Desgaste,2
RET000540,EMP00467,Chaqueta,M.,SCL,2023-01-15,Desgaste,2
RET000541,EMP00437,Camisa,XS,SCL,2022-07-24,Salida empresa,1
RET000542,EMP00104,Pantalon,L,GRU,2025-03-09,Desgaste,1
RET000543,EMP00020,Zapatos,L,EZE,2025-02-11,Cambio rol,2
RET000544,EMP00076,Chaleco,M,SCL,2025-11-09,Desgaste,1
RET000545,EMP00141,Chaleco,S,LIM,2023-11-01,Desgaste,1
RET000546,EMP00099,Camisa,XXL,SCL,2022-06-09,Desgaste,2
RET000547,EMP00358,Pantalon,M,LIM,2022-04-06,Desgaste,2
RET000548,EMP00159,Camisa,L,SCL,2023-05-20,Daño,2
RET000549,EMP00269,Zapatos,null,SCL,2025-05-10,Talla incorrecta,1
RET000550,EMP00071,Zapatos,M,GRU,2024-02-26,Desgaste,2
RET000551,EMP00023,Pantalon,L,GRU,2025-02-28,Cambio rol,1
RET000552,EMP00007,Chaqueta,L,lima,2024-11-24,Desgaste,2
RET000553,EMP00165,Camisa,L,EZE,2022-01-23,,1
RET000554,EMP00409,Pantalon,M,MIA,,Cambio rol,2
RET000555,EMP00499,Corbata,M,GRU,2025-03-14,Desgaste,2
RET000556,EMP00091,Chaleco,XXL,miami,2025-05-07,Cambio rol,2
RET000557,EMP00470,Zapatos,XL,GRU,2022-06-15,Desgaste,1
RET000558,EMP00470,Camisa,M,SCL,2025-08-09,Salida empresa,1
RET000559,EMP00042,Camisa,L,SCL,2023-11-02,Cambio rol,2
RET000560,EMP00151,Chaleco,M,EZE,2022-07-21,,1
RET000561,EMP00212,Pantalon,XL,BOG,2024-10-10,Desgaste,1
RET000562,EMP00198,Chaleco,XXL,bogota,2025-07-01,Desgaste,2
RET000563,EMP00109,Chaqueta,L,SCL,2025-07-23,Desgaste,2
RET000564,EMP00411,Zapatos,XL,EZE,2022-09-10,Salida empresa,2
RET000565,EMP00322,Corbata,M,MIA,2023-08-24,Desgaste,1
RET000566,EMP00211,Pantalon,L,SCL,2022-10-08,Desgaste,2
RET000567,EMP00204,Chaqueta,M,EZE,2022-08-20,Talla incorrecta,2
RET000568,EMP00078,Camisa,S,SCL,2024-08-29,Daño,2
RET000569,EMP00471,Camisa,M,GRU,2025-06-19,Salida empresa,1
RET000570,EMP00477,Camisa,S,SCL,2024-03-21,,2
RET000571,EMP00462,Chaleco,S,SCL,2023-06-02,Desgaste,2
RET000572,EMP00032,Camisa,XL,MIA,2025-02-25,Daño,1
RET000573,EMP00325,Camisa,L,MIA,2022-11-19,Desgaste,2
RET000574,EMP00458,Chaleco,L,BOG,2022-10-02,Desgaste,1
RET000575,EMP00358,Pantalon,S,BOG,2023-10-30,,1
RET000576,EMP00327,Pantalon,M.,EZE,2022-10-17,Salida empresa,1
RET000577,EMP00351,Camisa,L,SCL,2024-04-17,Desgaste,2
RET000578,EMP00287,Chaleco,L,SCL,2024-08-05,Desgaste,1
RET000579,EMP00110,Chaqueta,null,BOG,2022-10-06,Desgaste,1
RET000580,EMP00414,Zapatos,L,LIM,2022-05-31,Daño,2
RET000581,EMP00398,Zapatos,L,EZE,2023-06-23,Talla incorrecta,1
RET000582,EMP00286,Camisa,M,GRU,2023-10-31,Desgaste,1
RET000583,EMP00245,Chaleco,L,LIM,2025-10-20,Cambio rol,1
RET000584,EMP00495,Pantalon,XL,BOG,2024-02-18,Desgaste,1
RET000585,EMP00014,Zapatos,L,BOG,2025-07-15,Desgaste,2
RET000586,EMP00040,Camisa,L,GRU,2023-10-06,Talla incorrecta,1
RET000587,EMP00309,Zapatos,XS,SCL,2025-05-07,Desgaste,2
RET000588,EMP00072,Corbata,L,GRU,2025-07-10,Cambio rol,2
RET000589,EMP00331,Zapatos,M,SCL,2025-01-21,Desgaste,1
RET000590,EMP00391,Chaqueta,S,GRU,2024-03-13,Talla incorrecta,2
RET000591,EMP00254,Camisa,M,BOG,2024-08-03,Cambio rol,2
RET000592,EMP00001,Zapatos,XL,GRU,2024-03-28,Desgaste,2
RET000593,EMP00138,Zapatos,M,LIM,2022-10-22,Desgaste,1
RET000594,EMP00342,Corbata,S,Sao Paulo,2023-10-26,Desgaste,2
RET000595,EMP00460,Chaleco,S,GRU,2023-08-01,Desgaste,1
RET000596,EMP00004,Pantalon,L,GRU,2022-11-11,Desgaste,2
RET000597,EMP00467,Pantalon,L,BOG,2022-09-20,Desgaste,2
RET000598,EMP00178,Chaqueta,S,EZE,2023-04-20,Cambio rol,1
RET000599,EMP00329,Chaleco,XS,MIA,2022-05-14,Desgaste,1
RET000600,EMP00377,Zapatos,M,LIM,2025-10-05,Desgaste,1
RET000601,EMP00488,Chaleco,L,LIM,2022-11-02,Desgaste,1
RET000602,EMP00040,Chaleco,M,GRU,2023-04-07,Salida empresa,2
RET000603,EMP00031,Zapatos,XS,SCL,2024-08-07,Daño,1
RET000604,EMP00039,Pantalon,XXL,LIM,,Talla incorrecta,1
RET000605,EMP00201,Zapatos,XXL,Buenos Aires,2025-10-06,Talla incorrecta,2
RET000606,EMP00160,Pantalon,S,SCL,2025-08-23,Salida empresa,2
RET000607,EMP00416,Zapatos,M,SCL,2022-02-09,Salida empresa,2
RET000608,EMP00419,Zapatos,M,SCL,2024-02-10,Salida empresa,1
RET000609,EMP00428,Pantalon,XXL,SCL,2025-09-09,Daño,2
RET000610,EMP00058,Camisa,M,GRU,2022-07-26,Cambio rol,2
RET000611,EMP00306,Chaqueta,L,GRU,2023-05-01,Talla incorrecta,1
RET000612,EMP00329,Chaqueta,L,GRU,2024-06-27,Cambio rol,1
RET000613,EMP00432,Zapatos,L,BOG,2022-05-03,Desgaste,2
RET000614,EMP00128,Zapatos,L,SCL,2024-12-09,Talla incorrecta,2
RET000615,EMP00141,Camisa,M,SCL,2023-01-28,Daño,1
RET000616,EMP00105,Pantalon,S,BOG,2023-02-25,Daño,2
RET000617,EMP00072,Corbata,L,SCL,2023-08-25,Cambio rol,2
RET000618,EMP00018,Corbata,S,SCL,2023-01-10,Cambio rol,2
RET000619,EMP00054,Chaleco,M,BOG,2023-09-05,Talla incorrecta,2
RET000620,EMP00336,Zapatos,S,SCL,2022-10-23,Desgaste,2
RET000621,EMP00225,Corbata,M,EZE,2022-06-02,Salida empresa,1
RET000622,EMP00296,Zapatos,M.,LIM,2022-03-26,Desgaste,2
RET000623,EMP00457,Camisa,S,BOG,2025-01-31,Talla incorrecta,2
RET000624,EMP00176,Corbata,L,SCL,2025-04-14,Salida empresa,1
RET000625,EMP00015,Pantalon,S,LIM,2025-09-01,Salida empresa,1
RET000626,EMP00367,Zapatos,L,MIA,2025-06-13,Desgaste,1
RET000627,EMP00119,Pantalon,XL,MIA,2022-06-16,Talla incorrecta,2
RET000628,EMP00243,Pantalon,XL,LIM,2023-06-24,Salida empresa,1
RET000629,EMP00049,Chaqueta,M,GRU,2023-12-13,Talla incorrecta,1
RET000630,EMP00237,Corbata,XS,SCL,2024-11-17,Desgaste,1
RET000631,EMP00354,Pantalon,null,LIM,2025-11-20,Desgaste,2
RET000632,EMP00222,Chaqueta,XXXL,GRU,2023-01-30,,1
RET000633,EMP00445,Chaleco,L,EZE,2024-01-17,Desgaste,2
RET000634,EMP00275,Chaleco,M.,LIM,2023-03-10,Salida empresa,2
RET000635,EMP00319,Pantalon,S,SCL,2024-03-27,Desgaste,1
RET000636,EMP00046,Corbata,M,SCL,2022-07-11,Talla incorrecta,1
RET000637,EMP00405,Zapatos,L,LIM,2025-03-27,Daño,1
RET000638,EMP00197,Pantalon,s ,BOG,2025-12-18,Cambio rol,1
RET000639,EMP00122,Chaqueta,M,GRU,2022-04-23,Desgaste,1
RET000640,EMP00201,Corbata,XL,Sao Paulo,2022-02-02,Desgaste,1
RET000641,EMP00247,Camisa,XL,LIM,2023-07-04,Daño,1
RET000642,EMP00441,Camisa,L,LIM,2024-08-02,Desgaste,1
RET000643,EMP00117,Camisa,M.,BOG,2025-03-05,Desgaste,1
RET000644,EMP00127,Chaqueta,M,LIM,2022-12-12,Desgaste,2
RET000645,EMP00387,Zapatos,L,BOG,2024-07-29,Desgaste,2
RET000646,EMP00255,Camisa,L,BOG,2023-10-29,,1
RET000647,EMP00446,Camisa,M,SCL,,Talla incorrecta,1
RET000648,EMP00483,Corbata,S,GRU,2024-12-31,Talla incorrecta,1
RET000649,EMP00212,Corbata,M,SCL,2023-11-10,Cambio rol,2
RET000650,EMP00363,Chaqueta,XL,GRU,2023-10-23,Desgaste,2
RET000651,EMP00235,Chaqueta,L,BOG,2025-02-10,Cambio rol,2
RET000652,EMP00132,Camisa,M,SCL,2024-12-17,Talla incorrecta,2
RET000653,EMP00228,Camisa,L,BOG,2024-03-08,,1
RET000654,EMP00021,Zapatos,XL,GRU,2022-06-14,Talla incorrecta,1
RET000655,EMP00359,Pantalon,XL,EZE,2025-08-02,Daño,2
RET000656,EMP00341,Zapatos,L,SCL,2022-08-23,Desgaste,1
RET000657,EMP00261,Pantalon,XS,EZE,2024-04-16,Desgaste,2
RET000658,EMP00041,Pantalon,L,Sao Paulo,2023-08-14,Salida empresa,1
RET000659,EMP00422,Corbata,S,SCL,2022-07-29,Desgaste,2
RET000660,EMP00206,Corbata,XXXL,LIM,2022-07-13,Talla incorrecta,2
RET000661,EMP00411,Camisa,s ,GRU,2023-09-20,Salida empresa,1
RET000662,EMP00068,Camisa,XL,GRU,2025-12-06,Cambio rol,2
RET000663,EMP00186,Pantalon,M,bogota,2023-12-17,Salida empresa,2
RET000664,EMP00131,Corbata,L,GRU,2023-09-04,Talla incorrecta,2
RET000665,EMP00377,Pantalon,XS,GRU,2022-06-26,Cambio rol,1
RET000666,EMP00066,Chaleco,XXL,EZE,2023-03-08,Desgaste,2
RET000667,EMP00414,Corbata,Extra Large,GRU,2023-01-15,,2
RET000668,EMP00225,Chaleco,M,GRU,2025-08-09,Desgaste,2
RET000669,EMP00223,Pantalon,M,GRU,2024-07-09,Desgaste,1
RET000670,EMP00146,Corbata,L,LIM,2023-07-21,Talla incorrecta,1
RET000671,EMP00184,Chaleco,L,SCL,2022-10-01,Daño,1
RET000672,EMP00279,Camisa,M,LIM,,Talla incorrecta,1
RET000673,EMP00317,Chaqueta,XL,LIM,2025-10-20,Desgaste,1
RET000674,EMP00435,Chaleco,M,GRU,2025-05-29,Cambio rol,1
RET000675,EMP00341,Pantalon,L,LIM,2022-12-13,Talla incorrecta,1
RET000676,EMP00161,Chaqueta,XL,BOG,2023-02-04,Salida empresa,2
RET000677,EMP00189,Pantalon,M,BOG,2025-05-03,Cambio rol,2
RET000678,EMP00073,Chaleco,null,LIM,2025-01-22,Desgaste,1
RET000679,EMP00166,Zapatos,S,SCL,2024-03-30,Talla incorrecta,2
RET000680,EMP00283,Pantalon,M,EZE,2022-04-09,Daño,1
RET000681,EMP00311,Zapatos,M,GRU,2024-03-29,Desgaste,2
RET000682,EMP00495,Pantalon,M,GRU,2025-02-07,Daño,1
RET000683,EMP00268,Chaqueta,L,GRU,2022-10-31,,2
RET000684,EMP00451,Zapatos,L,bogota,2025-03-28,Desgaste,1
RET000685,EMP00179,Zapatos,M,BOG,2022-05-16,Cambio rol,2
RET000686,EMP00175,Pantalon,XL,SCL,2025-08-13,Desgaste,1
RET000687,EMP00433,Pantalon,M,BOG,,,2
RET000688,EMP00191,Pantalon,M.,SCL,2024-09-28,Desgaste,2
RET000689,EMP00088,Chaqueta,s ,GRU,2023-01-21,Desgaste,1
RET000690,EMP00350,Chaqueta,L,GRU,2023-10-30,Talla incorrecta,1
RET000691,EMP00362,Chaleco,M,BOG,2025-12-06,Desgaste,2
RET000692,EMP00188,Chaqueta,L,MIA,2022-04-10,Desgaste,2
RET000693,EMP00190,Camisa,L,EZE,2024-06-24,Desgaste,1
RET000694,EMP00130,Corbata,S,LIM,2025-11-09,Daño,1
RET000695,EMP00284,Camisa,M,SCL,2024-05-19,Desgaste,1
RET000696,EMP00405,Camisa,M.,BOG,2025-06-20,Talla incorrecta,1
RET000697,EMP00460,Chaleco,M,LIM,2023-11-10,Desgaste,2
RET000698,EMP00432,Chaqueta,XS,SCL,2022-03-14,Daño,1
RET000699,EMP00475,Camisa,M,GRU,2022-07-16,Desgaste,2
RET000700,EMP00450,Pantalon,M,Santiago,2023-05-26,Desgaste,1
RET000701,EMP00331,Pantalon,L,SCL,2024-12-05,Desgaste,2
RET000702,EMP00381,Chaqueta,,SCL,2024-03-07,Salida empresa,2
RET000703,EMP00490,Chaqueta,M,GRU,2022-11-29,Talla incorrecta,2
RET000704,EMP00175,Camisa,M,Santiago,2024-12-10,Talla incorrecta,2
RET000705,EMP00298,Pantalon,M,SCL,,Talla incorrecta,1
RET000706,EMP00491,Pantalon,L,SCL,,Cambio rol,1
RET000707,EMP00160,Corbata,S,EZE,2025-02-23,Cambio rol,2
RET000708,EMP00375,Camisa,XL,LIM,2025-10-23,Cambio rol,2
RET000709,EMP00074,Chaleco,XXXL,EZE,2023-08-19,Daño,2
RET000710,EMP00185,Zapatos,S,EZE,2024-06-15,Talla incorrecta,1
RET000711,EMP00291,Camisa,M,MIA,2023-09-18,Cambio rol,1
RET000712,EMP00012,Camisa,XXXL,BOG,2024-12-01,Desgaste,1
RET000713,EMP00392,Chaqueta,S,LIM,2024-03-19,Salida empresa,1
RET000714,EMP00439,Chaleco,M.,GRU,2025-07-23,Talla incorrecta,1
RET000715,EMP00322,Pantalon,L,BOG,2024-08-14,Desgaste,2
RET000716,EMP00335,Camisa,M,SCL,2022-04-24,Daño,1
RET000717,EMP00255,Chaleco,M,BOG,2024-05-26,Talla incorrecta,2
RET000718,EMP00038,Chaleco,L,SCL,2024-08-15,Cambio rol,1
RET000719,EMP00128,Chaleco,L,LIM,2023-04-03,Daño,1
RET000720,EMP00097,Corbata,L,LIM,,Salida empresa,2
RET000721,EMP00284,Camisa,M,lima,2022-04-02,Talla incorrecta,1
RET000722,EMP00425,Pantalon,L,GRU,2023-01-23,Talla incorrecta,1
RET000723,EMP00109,Corbata,M,SCL,,Salida empresa,2
RET000724,EMP00360,Camisa,S,SCL,2022-04-18,Salida empresa,1
RET000725,EMP00277,Chaleco,L,GRU,2023-12-02,Cambio rol,2
RET000726,EMP00083,Camisa,M,EZE,2024-11-08,Cambio rol,2
RET000727,EMP00215,Camisa,S,BOG,2025-10-27,Talla incorrecta,2
RET000728,EMP00108,Pantalon,M,GRU,2024-12-11,Salida empresa,1
RET000729,EMP00434,Corbata,XXXL,Santiago,,Talla incorrecta,2
RET000730,EMP00248,Zapatos,XL,LIM,2024-03-15,Cambio rol,1
RET000731,EMP00303,Corbata,L,GRU,2024-03-30,,2
RET000732,EMP00196,Zapatos,M,SCL,2023-12-03,Cambio rol,2
RET000733,EMP00208,Chaleco,L,SCL,2023-09-02,Daño,1
RET000734,EMP00462,Camisa,L,SCL,2025-12-05,Desgaste,1
RET000735,EMP00094,Camisa,M,SCL,2024-05-09,Cambio rol,2
RET000736,EMP00395,Camisa,L,SCL,2025-11-13,Desgaste,2
RET000737,EMP00375,Camisa,M,LIM,2023-05-06,Desgaste,1
RET000738,EMP00162,Pantalon,,GRU,2025-09-02,Cambio rol,1
RET000739,EMP00112,Chaleco,L,GRU,2022-03-24,,1
RET000740,EMP00047,Zapatos,L,LIM,2025-11-01,Desgaste,1
RET000741,EMP00293,Chaleco,M,SCL,2024-09-21,Daño,2
RET000742,EMP00096,Chaleco,XL,EZE,2025-12-11,Cambio rol,2
RET000743,EMP00127,Pantalon,M,BOG,2024-11-12,Talla incorrecta,2
RET000744,EMP00080,Pantalon,M,SCL,2024-01-25,Talla incorrecta,2
RET000745,EMP00179,Camisa,M.,BOG,2022-12-19,Desgaste,2
RET000746,EMP00061,Corbata,L,GRU,2025-04-08,Desgaste,2
RET000747,EMP00250,Camisa,S,SCL,2023-04-25,Salida empresa,2
RET000748,EMP00299,Camisa,L,SCL,2023-06-14,Talla incorrecta,1
RET000749,EMP00384,Zapatos,L,SCL,2024-10-26,,1
RET000750,EMP00357,Chaqueta,L,GRU,2022-10-06,Talla incorrecta,1
RET000751,EMP00086,Zapatos,,BOG,2023-04-19,Talla incorrecta,1
RET000752,EMP00328,Pantalon,S,MIA,2022-04-09,Cambio rol,1
RET000753,EMP00002,Chaqueta,XXL,SCL,2022-10-17,Desgaste,2
RET000754,EMP00432,Corbata,XL,SCL,2023-05-18,Desgaste,2
RET000755,EMP00060,Corbata,XS,SCL,2025-05-20,Daño,1
RET000756,EMP00398,Chaqueta,XXL,GRU,2022-06-19,Desgaste,1
RET000757,EMP00111,Chaleco,XXL,EZE,2023-08-24,Desgaste,1
RET000758,EMP00353,Pantalon,L,SCL,2025-12-03,Cambio rol,2
RET000759,EMP00106,Zapatos,M,SCL,2022-10-06,Desgaste,2
RET000760,EMP00023,Camisa,Extra Large,SCL,2023-08-27,Salida empresa,2
RET000761,EMP00358,Chaleco,M,BOG,2025-04-17,Desgaste,1
RET000762,EMP00021,Zapatos,L,EZE,2025-07-05,Desgaste,1
RET000763,EMP00265,Pantalon,XS,Santiago,2023-09-22,Talla incorrecta,1
RET000764,EMP00135,Chaqueta,LL,GRU,2024-10-06,Cambio rol,1
RET000765,EMP00456,Chaqueta,M,GRU,2022-04-26,Talla incorrecta,2
RET000766,EMP00429,Pantalon,L,GRU,,Talla incorrecta,2
RET000767,EMP00133,Pantalon,M,GRU,2023-11-23,Cambio rol,2
RET000768,EMP00174,Camisa,L,GRU,2025-08-08,Desgaste,2
RET000769,EMP00195,Zapatos,M,EZE,2025-05-03,Desgaste,1
RET000770,EMP00120,Chaqueta,L,LIM,2023-01-08,,2
RET000771,EMP00284,Corbata,XL,SCL,2023-09-14,Talla incorrecta,2
RET000772,EMP00462,Corbata,M,EZE,2025-05-06,Talla incorrecta,1
RET000773,EMP00459,Chaleco,M,LIM,2025-09-28,Cambio rol,2
RET000774,EMP00321,Chaleco,M,GRU,2023-12-08,Desgaste,1
RET000775,EMP00059,Chaleco,M,GRU,2022-02-18,Salida empresa,1
RET000776,EMP00164,Chaqueta,L,GRU,2022-03-29,,2
RET000777,EMP00149,Corbata,L,BOG,2023-10-04,Daño,1
RET000778,EMP00047,Chaqueta,M,BOG,2022-06-13,Cambio rol,2
RET000779,EMP00282,Corbata,M,LIM,2024-08-14,Talla incorrecta,2
RET000780,EMP00221,Corbata,XL,LIM,2024-05-06,Cambio rol,2
RET000781,EMP00425,Chaleco,XXL,BOG,2024-06-12,Salida empresa,1
RET000782,EMP00262,Zapatos,L,GRU,2022-05-08,Daño,2
RET000783,EMP00192,Chaleco,L,BOG,2022-06-26,Desgaste,2
RET000784,EMP00287,Camisa,XS,MIA,2025-12-29,Salida empresa,2
RET000785,EMP00455,Corbata,M,EZE,2024-10-21,Daño,2
RET000786,EMP00301,Pantalon,XS,SCL,2025-12-13,Salida empresa,2
RET000787,EMP00079,Pantalon,M,BOG,2023-10-31,Desgaste,1
RET000788,EMP00018,Pantalon,XS,GRU,2025-03-01,Talla incorrecta,1
RET000789,EMP00297,Camisa,M,GRU,2024-11-21,Cambio rol,2
RET000790,EMP00030,Chaqueta,XXXL,SCL,2022-01-12,Desgaste,1
RET000791,EMP00268,Chaqueta,XXL,LIM,2022-06-25,Daño,1
RET000792,EMP00054,Chaqueta,M,GRU,2024-10-04,Cambio rol,1
RET000793,EMP00194,Pantalon,S,SCL,2022-06-23,Talla incorrecta,2
RET000794,EMP00067,Pantalon,null,GRU,2023-08-04,Talla incorrecta,2
RET000795,EMP00261,Pantalon,M,BOG,2025-07-09,Daño,1
RET000796,EMP00333,Pantalon,M,Sao Paulo,2023-04-27,Desgaste,2
RET000797,EMP00235,Pantalon,Extra Large,LIM,2023-03-21,Daño,2
RET000798,EMP00131,Pantalon,S,SCL,2023-12-27,Desgaste,1
RET000799,EMP00361,Pantalon,L,MIA,2025-04-07,Cambio rol,2
RET000800,EMP00134,Chaleco,S,MIA,2025-12-08,Cambio rol,2
RET000801,EMP00480,Camisa,XL,SCL,2023-03-04,Salida empresa,2
RET000802,EMP00179,Chaqueta,S,LIM,2023-04-25,Talla incorrecta,1
RET000803,EMP00060,Camisa,S,SCL,2025-08-13,Daño,1
RET000804,EMP00051,Zapatos,L,LIM,2023-03-23,Desgaste,2
RET000805,EMP00014,Chaleco,XXL,MIA,2022-10-01,Desgaste,2
RET000806,EMP00484,Zapatos,XL,bogota,2023-12-16,Cambio rol,2
RET000807,EMP00438,Corbata,M,miami,2024-06-15,Salida empresa,1
RET000808,EMP00261,Camisa,M,GRU,2024-05-29,Cambio rol,1
RET000809,EMP00363,Pantalon,,SCL,2025-04-04,Desgaste,1
RET000810,EMP00500,Corbata,L,SCL,2023-07-02,Talla incorrecta,1
RET000811,EMP00058,Pantalon,M,SCL,2025-05-06,Desgaste,2
RET000812,EMP00210,Camisa,s ,GRU,2023-08-27,Desgaste,2
RET000813,EMP00156,Pantalon,S,BOG,2024-05-23,Salida empresa,2
RET000814,EMP00294,Zapatos,M,SCL,,Salida empresa,2
RET000815,EMP00474,Zapatos,,GRU,2025-12-05,Desgaste,1
RET000816,EMP00488,Chaqueta,L,GRU,2025-05-14,Desgaste,1
RET000817,EMP00150,Chaqueta,M,GRU,2023-03-23,Desgaste,1
RET000818,EMP00168,Pantalon,M,EZE,2022-10-22,Desgaste,2
RET000819,EMP00209,Chaleco,M,SCL,2025-06-04,Desgaste,1
RET000820,EMP00042,Zapatos,L,SCL,2024-01-13,Cambio rol,1
RET000821,EMP00195,Camisa,XL,GRU,2023-11-12,Desgaste,1
RET000822,EMP00374,Chaqueta,M,GRU,2023-11-09,Salida empresa,1
RET000823,EMP00189,Chaleco,null,Buenos Aires,2023-06-09,Talla incorrecta,2
RET000824,EMP00420,Pantalon,S,Buenos Aires,2025-06-13,Desgaste,2
RET000825,EMP00086,Chaqueta,L,GRU,2023-10-05,Desgaste,1
RET000826,EMP00273,Chaleco,L,SCL,2023-10-04,Daño,2
RET000827,EMP00112,Chaleco,L,EZE,2025-06-05,Salida empresa,1
RET000828,EMP00229,Camisa,M,LIM,2023-03-26,Talla incorrecta,1
RET000829,EMP00056,Pantalon,M,Sao Paulo,,Talla incorrecta,2
RET000830,EMP00177,Pantalon,L,SCL,2024-09-11,Cambio rol,1
RET000831,EMP00148,Pantalon,M,GRU,2022-08-25,Desgaste,1
RET000832,EMP00123,Zapatos,Extra Large,EZE,2025-10-07,Talla incorrecta,2
RET000833,EMP00245,Chaqueta,S,SCL,2022-03-03,Talla incorrecta,2
RET000834,EMP00176,Chaqueta,L,BOG,2022-11-22,Cambio rol,2
RET000835,EMP00357,Zapatos,L,SCL,2022-10-22,Salida empresa,1
RET000836,EMP00181,Chaleco,L,BOG,2022-07-14,Cambio rol,1
RET000837,EMP00336,Chaleco,XXXL,BOG,2025-11-18,Salida empresa,2
RET000838,EMP00129,Pantalon,L,SCL,2024-02-15,Cambio rol,1
RET000839,EMP00285,Zapatos,L,SCL,2025-07-13,Desgaste,1
RET000840,EMP00203,Zapatos,M,SCL,2025-08-02,Talla incorrecta,1
RET000841,EMP00271,Chaqueta,XS,GRU,,Cambio rol,2
RET000842,EMP00104,Pantalon,S,GRU,2022-09-07,Daño,2
RET000843,EMP00371,Zapatos,M,MIA,2025-03-27,Desgaste,2
RET000844,EMP00484,Zapatos,xs,BOG,2023-07-27,Talla incorrecta,2
RET000845,EMP00438,Pantalon,M,GRU,2022-11-24,Cambio rol,1
RET000846,EMP00339,Chaleco,M,GRU,,Desgaste,2
RET000847,EMP00115,Pantalon,M,EZE,2023-01-04,Desgaste,2
RET000848,EMP00060,Pantalon,M,GRU,2025-08-13,Desgaste,2
RET000849,EMP00374,Zapatos,M,GRU,2023-09-09,Cambio rol,2
RET000850,EMP00198,Camisa,M,GRU,2023-07-30,Talla incorrecta,1
RET000851,EMP00055,Pantalon,M,LIM,2023-11-07,Desgaste,2
RET000852,EMP00071,Camisa,XL,MIA,2025-08-30,Desgaste,1
RET000853,EMP00432,Pantalon,M,LIM,2023-10-30,Desgaste,2
RET000854,EMP00033,Chaqueta,L,SCL,2022-01-31,Talla incorrecta,2
RET000855,EMP00132,Pantalon,M,BOG,2022-12-30,Salida empresa,1
RET000856,EMP00403,Camisa,Extra Large,BOG,2024-06-10,Desgaste,2
RET000857,EMP00048,Pantalon,M,LIM,2022-03-17,Salida empresa,1
RET000858,EMP00217,Pantalon,S,EZE,2025-05-13,Daño,2
RET000859,EMP00417,Chaleco,M,MIA,2025-10-31,Cambio rol,1
RET000860,EMP00292,Camisa,L,SCL,2024-12-21,Desgaste,1
RET000861,EMP00045,Pantalon,M,MIA,2022-04-09,Desgaste,1
RET000862,EMP00323,Chaqueta,S,LIM,2025-01-08,Cambio rol,2
RET000863,EMP00010,Pantalon,XL,BOG,2022-10-20,Salida empresa,1
RET000864,EMP00230,Zapatos,XS,GRU,2023-12-01,Cambio rol,2
RET000865,EMP00149,Zapatos,,GRU,2022-02-14,Desgaste,1
RET000866,EMP00151,Chaqueta,M,SCL,2022-12-03,Desgaste,1
RET000867,EMP00413,Pantalon,XXL,EZE,2024-05-09,Cambio rol,2
RET000868,EMP00153,Camisa,M,EZE,2025-02-06,Desgaste,2
RET000869,EMP00405,Camisa,L,EZE,2025-08-05,Desgaste,1
RET000870,EMP00189,Zapatos,M,bogota,2025-01-05,Desgaste,1
RET000871,EMP00152,Zapatos,M,GRU,2024-08-27,Cambio rol,2
RET000872,EMP00231,Corbata,L,BOG,2025-04-21,Desgaste,2
RET000873,EMP00493,Corbata,XL,EZE,2022-04-28,Talla incorrecta,1
RET000874,EMP00498,Chaqueta,M,SCL,2025-05-29,Desgaste,2
RET000875,EMP00089,Chaqueta,XL,LIM,2025-04-19,Talla incorrecta,1
RET000876,EMP00026,Chaqueta,M,GRU,2024-01-05,Salida empresa,1
RET000877,EMP00244,Pantalon,XL,EZE,2025-08-02,Salida empresa,2
RET000878,EMP00117,Pantalon,XL,LIM,2022-11-06,Cambio rol,2
RET000879,EMP00329,Camisa,XL,SCL,2024-04-14,Salida empresa,2
RET000880,EMP00087,Camisa,XL,EZE,2024-12-06,Desgaste,1
RET000881,EMP00225,Pantalon,S,SCL,2022-02-27,Desgaste,1
RET000882,EMP00178,Pantalon,Extra Large,BOG,2022-09-22,Cambio rol,2
RET000883,EMP00489,Camisa,XL,SCL,2023-03-23,Salida empresa,1
RET000884,EMP00237,Camisa,M,LIM,2022-06-13,Cambio rol,1
RET000885,EMP00003,Pantalon,L,SCL,2023-07-03,Talla incorrecta,2
RET000886,EMP00022,Zapatos,M,SCL,2024-06-18,Daño,1
RET000887,EMP00224,Camisa,M,SCL,2025-08-22,Salida empresa,1
RET000888,EMP00222,Zapatos,L,BOG,2022-12-19,Salida empresa,1
RET000889,EMP00176,Zapatos,XXL,GRU,2022-12-23,,2
RET000890,EMP00107,Zapatos,L,GRU,2022-10-18,Desgaste,2
RET000891,EMP00431,Camisa,XS,SCL,2024-01-28,Cambio rol,2
RET000892,EMP00294,Corbata,S,GRU,2022-10-27,Daño,1
RET000893,EMP00196,Pantalon,XS,SCL,2024-11-11,Salida empresa,2
RET000894,EMP00442,Chaqueta,L,GRU,2023-04-23,Desgaste,2
RET000895,EMP00404,Zapatos,M,SCL,2023-10-02,Desgaste,1
RET000896,EMP00126,Corbata,M,bogota,2025-07-25,Cambio rol,2
RET000897,EMP00151,Chaqueta,M,SCL,2024-10-11,,2
RET000898,EMP00406,Pantalon,M,LIM,,Desgaste,2
RET000899,EMP00316,Camisa,Extra Large,SCL,2023-11-13,Talla incorrecta,1
RET000900,EMP00498,Chaleco,L,GRU,2025-11-10,Talla incorrecta,1
RET000901,EMP00412,Chaqueta,S,MIA,2025-09-02,,1
RET000902,EMP00304,Chaleco,XXL,GRU,2024-01-27,Desgaste,1
RET000903,EMP00237,Zapatos,LL,EZE,2024-04-24,Salida empresa,1
RET000904,EMP00392,Zapatos,L,SCL,2023-03-05,Daño,1
RET000905,EMP00407,Chaleco,M,GRU,2023-10-12,,2
RET000906,EMP00312,Chaleco,L,BOG,2023-12-25,Desgaste,1
RET000907,EMP00142,Chaleco,XXL,GRU,2022-03-30,Cambio rol,1
RET000908,EMP00004,Zapatos,M.,SCL,2023-08-02,Salida empresa,2
RET000909,EMP00310,Zapatos,L,MIA,2025-05-19,Desgaste,2
RET000910,EMP00378,Corbata,S,GRU,2025-01-17,Talla incorrecta,2
RET000911,EMP00415,Camisa,L,LIM,2023-06-01,Cambio rol,2
RET000912,EMP00267,Pantalon,XL,EZE,2025-10-23,Desgaste,1
RET000913,EMP00096,Zapatos,LL,LIM,2022-01-16,Salida empresa,1
RET000914,EMP00258,Pantalon,M.,BOG,2023-05-20,Daño,2
RET000915,EMP00265,Camisa,XL,BOG,2024-05-18,Salida empresa,1
RET000916,EMP00005,Camisa,L,LIM,2024-10-31,Desgaste,2
RET000917,EMP00318,Chaleco,XXL,LIM,2022-07-06,Talla incorrecta,2
RET000918,EMP00341,Chaleco,M,SCL,2022-10-03,Desgaste,2
RET000919,EMP00416,Camisa,L,EZE,2022-12-06,Cambio rol,2
RET000920,EMP00463,Corbata,M,GRU,2022-06-12,Desgaste,1
RET000921,EMP00445,Pantalon,XL,SCL,2023-11-08,Cambio rol,2
RET000922,EMP00242,Corbata,XXL,SCL,2022-05-16,Daño,2
RET000923,EMP00291,Chaleco,M,EZE,2023-10-01,Desgaste,1
RET000924,EMP00414,Zapatos,L,GRU,2023-05-11,Desgaste,2
RET000925,EMP00152,Camisa,XL,BOG,2022-08-20,Desgaste,2
RET000926,EMP00076,Camisa,XS,Santiago,2025-08-16,Talla incorrecta,2
RET000927,EMP00484,Pantalon,M,EZE,2024-11-22,Talla incorrecta,2
RET000928,EMP00242,Zapatos,M,LIM,2025-05-14,Desgaste,1
RET000929,EMP00155,Chaqueta,L,BOG,2025-01-23,Cambio rol,1
RET000930,EMP00079,Chaleco,M,GRU,2023-12-28,Salida empresa,2
RET000931,EMP00471,Chaleco,,lima,2025-01-21,Talla incorrecta,1
RET000932,EMP00205,Chaleco,L,Santiago,2023-01-02,Daño,2
RET000933,EMP00172,Corbata,M,SCL,2022-03-11,Desgaste,2
RET000934,EMP00205,Camisa,L,GRU,2022-05-22,Salida empresa,2
RET000935,EMP00423,Pantalon,M,GRU,2025-04-15,Desgaste,2
RET000936,EMP00154,Chaqueta,L,MIA,2023-07-13,Desgaste,1
RET000937,EMP00444,Pantalon,M,SCL,2025-11-20,Desgaste,2
RET000938,EMP00257,Chaleco,M,Santiago,2022-11-12,Desgaste,1
RET000939,EMP00057,Pantalon,S,SCL,2024-07-20,Salida empresa,1
RET000940,EMP00411,Chaqueta,L,GRU,2025-12-30,Talla incorrecta,1
RET000941,EMP00268,Pantalon,L,EZE,2025-09-27,Salida empresa,1
RET000942,EMP00384,Pantalon,XS,LIM,2023-10-28,Desgaste,1
RET000943,EMP00222,Chaleco,XXXL,SCL,2024-06-24,Talla incorrecta,2
RET000944,EMP00345,Chaqueta,M,Buenos Aires,2025-02-02,Talla incorrecta,2
RET000945,EMP00311,Pantalon,L,lima,2023-03-29,Desgaste,2
RET000946,EMP00313,Corbata,L,Santiago,2023-06-06,Desgaste,2
RET000947,EMP00391,Zapatos,M,SCL,2023-05-24,,2
RET000948,EMP00489,Pantalon,L,BOG,2024-08-23,Talla incorrecta,1
RET000949,EMP00062,Pantalon,S,MIA,2025-10-07,Talla incorrecta,1
RET000950,EMP00020,Chaleco,L,EZE,2025-01-20,Desgaste,1
RET000951,EMP00111,Chaleco,L,EZE,2022-09-21,Talla incorrecta,2
RET000952,EMP00118,Corbata,XS,EZE,2022-09-23,Desgaste,2
RET000953,EMP00163,Zapatos,M,BOG,2023-11-28,Desgaste,2
RET000954,EMP00066,Chaleco,S,GRU,2025-11-27,Salida empresa,2
RET000955,EMP00265,Camisa,M,EZE,2024-01-31,Daño,1
RET000956,EMP00413,Chaleco,L,BOG,2022-03-06,Desgaste,2
RET000957,EMP00466,Chaqueta,XS,GRU,2024-08-24,Desgaste,1
RET000958,EMP00296,Camisa,L,LIM,2022-12-30,Talla incorrecta,1
RET000959,EMP00044,Pantalon,M,EZE,2024-01-12,Desgaste,2
RET000960,EMP00141,Pantalon,L,LIM,2023-10-20,Talla incorrecta,2
RET000961,EMP00480,Chaleco,M,LIM,2025-09-13,Desgaste,2
RET000962,EMP00131,Zapatos,S,BOG,2025-08-22,Desgaste,1
RET000963,EMP00453,Camisa,L,GRU,2025-12-15,Desgaste,2
RET000964,EMP00464,Camisa,M,SCL,2025-11-01,Talla incorrecta,2
RET000965,EMP00155,Pantalon,XL,LIM,2022-06-14,Desgaste,2
RET000966,EMP00209,Pantalon,S,GRU,2022-02-10,Talla incorrecta,2
RET000967,EMP00351,Camisa,S,SCL,2024-08-18,Desgaste,2
RET000968,EMP00307,Pantalon,XL,SCL,2025-05-22,Desgaste,2
RET000969,EMP00342,Pantalon,L,BOG,2022-10-20,Desgaste,2
RET000970,EMP00257,Pantalon,L,GRU,2022-03-01,Talla incorrecta,2
RET000971,EMP00123,Chaqueta,L,GRU,2023-06-10,Desgaste,1
RET000972,EMP00112,Pantalon,L,SCL,2022-05-31,Cambio rol,2
RET000973,EMP00385,Pantalon,M,GRU,2022-03-02,Desgaste,2
RET000974,EMP00068,Pantalon,M,GRU,2023-07-22,Desgaste,2
RET000975,EMP00217,Camisa,S,BOG,2023-07-24,Desgaste,1
RET000976,EMP00181,Pantalon,M,bogota,2023-03-13,Desgaste,2
RET000977,EMP00407,Chaqueta,M,BOG,2024-05-19,Talla incorrecta,1
RET000978,EMP00102,Camisa,L,BOG,2022-01-31,Desgaste,1
RET000979,EMP00486,Pantalon,L,SCL,2023-10-08,Talla incorrecta,1
RET000980,EMP00271,Zapatos,XXL,MIA,2022-05-22,Salida empresa,2
RET000981,EMP00380,Pantalon,L,GRU,2025-05-22,Daño,1
RET000982,EMP00454,Zapatos,XL,LIM,2025-12-17,Desgaste,1
RET000983,EMP00332,Corbata,null,SCL,2024-11-15,Cambio rol,2
RET000984,EMP00046,Corbata,XS,LIM,2022-10-31,Talla incorrecta,2
RET000985,EMP00076,Pantalon,M,BOG,2025-04-03,Daño,1
RET000986,EMP00436,Zapatos,M,SCL,2025-12-22,Desgaste,2
RET000987,EMP00272,Camisa,XL,EZE,2024-04-06,Desgaste,2
RET000988,EMP00334,Zapatos,L,SCL,2023-05-02,,1
RET000989,EMP00397,Camisa,M,LIM,2022-02-16,Cambio rol,1
RET000990,EMP00035,Chaleco,M,GRU,2025-10-29,Salida empresa,1
RET000991,EMP00209,Pantalon,XL,lima,,Daño,2
RET000992,EMP00096,Pantalon,M,BOG,2025-01-19,Desgaste,2
RET000993,EMP00243,Pantalon,L,SCL,2024-11-06,Daño,2
RET000994,EMP00291,Chaqueta,M,LIM,2024-11-21,Desgaste,1
RET000995,EMP00109,Chaqueta,L,GRU,2024-11-25,Talla incorrecta,2
RET000996,EMP00258,Chaqueta,M,LIM,2025-09-06,Cambio rol,2
RET000997,EMP00439,Zapatos,XXL,SCL,2022-03-06,Salida empresa,2
RET000998,EMP00458,Chaleco,L,LIM,2025-08-19,Talla incorrecta,1
RET000999,EMP00165,Camisa,M,SCL,2023-11-09,Desgaste,1
RET001000,EMP00338,Pantalon,M,LIM,2024-10-23,Talla incorrecta,2
RET001001,EMP00176,Chaleco,L,GRU,2022-11-26,Cambio rol,1
RET001002,EMP00212,Chaqueta,M,LIM,2023-07-05,Desgaste,2
RET001003,EMP00275,Chaleco,LL,EZE,2024-08-19,Daño,1
RET001004,EMP00105,Pantalon,S,GRU,2024-05-14,Desgaste,2
RET001005,EMP00330,Camisa,XS,BOG,2025-03-03,Daño,2
RET001006,EMP00057,Zapatos,S,BOG,2023-03-29,Desgaste,2
RET001007,EMP00177,Corbata,M,GRU,2024-09-18,Cambio rol,2
RET001008,EMP00492,Corbata,L,lima,2022-03-01,Desgaste,1
RET001009,EMP00353,Chaleco,M,SCL,2023-12-06,Salida empresa,1
RET001010,EMP00056,Camisa,L,LIM,2025-12-20,Desgaste,1
RET001011,EMP00323,Zapatos,M,MIA,2022-09-20,Cambio rol,2
RET001012,EMP00471,Camisa,L,BOG,2025-01-20,Cambio rol,2
RET001013,EMP00042,Corbata,S,BOG,2025-03-03,Talla incorrecta,2
RET001014,EMP00463,Chaleco,M,GRU,2024-03-08,Salida empresa,2
RET001015,EMP00270,Chaleco,L,GRU,2024-02-05,Salida empresa,1
RET001016,EMP00275,Camisa,M,BOG,2023-01-28,Salida empresa,1
RET001017,EMP00186,Chaqueta,S,GRU,,Daño,2
RET001018,EMP00121,Zapatos,M,SCL,2024-07-25,Desgaste,1
RET001019,EMP00322,Zapatos,null,SCL,2025-07-21,Salida empresa,2
RET001020,EMP00479,Chaqueta,LL,SCL,2022-04-04,Daño,2
RET001021,EMP00125,Chaqueta,S,SCL,2023-05-29,Desgaste,1
RET001022,EMP00225,Corbata,XS,SCL,2024-10-05,Cambio rol,2
RET001023,EMP00341,Chaqueta,S,SCL,2023-09-27,Desgaste,2
RET001024,EMP00082,Chaqueta,S,BOG,2025-12-17,Cambio rol,2
RET001025,EMP00220,Pantalon,L,SCL,2025-04-16,Cambio rol,1
RET001026,EMP00385,Pantalon,L,LIM,2025-09-03,Desgaste,2
RET001027,EMP00488,Chaqueta,M,BOG,2022-08-15,Talla incorrecta,2
RET001028,EMP00187,Chaqueta,L,GRU,2023-11-07,Talla incorrecta,2
RET001029,EMP00274,Pantalon,M,GRU,2024-11-28,Talla incorrecta,2
RET001030,EMP00070,Chaqueta,XL,BOG,2022-02-24,Talla incorrecta,2
RET001031,EMP00447,Camisa,M.,BOG,2025-09-18,Salida empresa,2
RET001032,EMP00273,Camisa,L,SCL,2023-09-11,Desgaste,1
RET001033,EMP00472,Pantalon,XL,GRU,2024-12-16,Desgaste,2
RET001034,EMP00454,Camisa,S,SCL,2024-02-17,Daño,1
RET001035,EMP00477,Chaleco,L,SCL,2022-12-11,Desgaste,2
RET001036,EMP00263,Zapatos,L,GRU,2023-08-02,Cambio rol,2
RET001037,EMP00265,Camisa,M,Sao Paulo,2023-04-01,Talla incorrecta,2
RET001038,EMP00108,Chaqueta,M,BOG,2024-01-19,Desgaste,2
RET001039,EMP00390,Chaqueta,L,SCL,2024-11-14,Cambio rol,1
RET001040,EMP00009,Chaleco,L,EZE,2022-12-06,Desgaste,1
RET001041,EMP00233,Pantalon,XL,EZE,2022-12-21,Daño,2
RET001042,EMP00039,Chaleco,XS,SCL,2023-03-11,Desgaste,2
RET001043,EMP00474,Pantalon,M,GRU,2025-07-23,Desgaste,1
RET001044,EMP00473,Chaqueta,LL,SCL,2022-11-02,Talla incorrecta,1
RET001045,EMP00011,Corbata,XL,SCL,2025-07-01,Talla incorrecta,2
RET001046,EMP00154,Pantalon,S,SCL,2023-03-10,Desgaste,1
RET001047,EMP00187,Zapatos,L,LIM,2025-01-23,,1
RET001048,EMP00046,Pantalon,M,LIM,2023-10-27,Desgaste,2
RET001049,EMP00168,Chaqueta,S,EZE,2024-09-13,,1
RET001050,EMP00403,Camisa,XL,SCL,2022-03-25,Salida empresa,1
RET001051,EMP00013,Camisa,M,BOG,2025-11-06,Daño,2
RET001052,EMP00112,Pantalon,XL,SCL,2022-04-03,Desgaste,2
RET001053,EMP00220,Chaleco,L,LIM,2022-04-12,Desgaste,1
RET001054,EMP00154,Chaleco,M,GRU,2024-11-11,Talla incorrecta,1
RET001055,EMP00049,Corbata,M,BOG,2023-08-17,Talla incorrecta,1
RET001056,EMP00032,Zapatos,M,GRU,2025-12-13,Desgaste,1
RET001057,EMP00310,Pantalon,M,BOG,2025-10-01,Desgaste,1
RET001058,EMP00082,Zapatos,L,SCL,2024-03-14,Desgaste,1
RET001059,EMP00241,Camisa,XXL,LIM,2023-02-20,Cambio rol,2
RET001060,EMP00446,Chaqueta,S,Santiago,2025-01-06,Salida empresa,1
RET001061,EMP00106,Pantalon,XL,GRU,2022-04-23,Cambio rol,1
RET001062,EMP00409,Pantalon,,Sao Paulo,2022-01-07,Talla incorrecta,2
RET001063,EMP00028,Pantalon,L,GRU,2024-01-29,,2
RET001064,EMP00364,Pantalon,M,BOG,2024-11-30,Desgaste,2
RET001065,EMP00129,Corbata,M,SCL,2022-12-19,Desgaste,1
RET001066,EMP00309,Chaleco,s ,SCL,2023-11-01,Desgaste,2
RET001067,EMP00040,Corbata,S,BOG,2022-02-20,Salida empresa,2
RET001068,EMP00383,Camisa,L,LIM,2022-11-08,Desgaste,2
RET001069,EMP00264,Zapatos,S,SCL,2024-05-25,Talla incorrecta,1
RET001070,EMP00201,Zapatos,M,SCL,2022-06-12,,2
RET001071,EMP00261,Camisa,L,BOG,2023-02-07,Talla incorrecta,1
RET001072,EMP00349,Zapatos,XXL,LIM,2022-09-30,Desgaste,1
RET001073,EMP00031,Chaleco,L,EZE,2025-03-16,Desgaste,2
RET001074,EMP00369,Camisa,L,SCL,2024-12-09,Desgaste,2
RET001075,EMP00207,Zapatos,L,SCL,2022-03-23,Desgaste,1
RET001076,EMP00015,Chaleco,XL,EZE,2024-12-20,Desgaste,2
RET001077,EMP00076,Camisa,S,LIM,2024-03-29,Desgaste,2
RET001078,EMP00369,Corbata,XXL,EZE,2022-08-06,Cambio rol,2
RET001079,EMP00314,Corbata,M,GRU,,Cambio rol,2
RET001080,EMP00437,Camisa,L,LIM,2022-09-15,Desgaste,2
RET001081,EMP00482,Corbata,S,SCL,2023-09-11,Salida empresa,1
RET001082,EMP00013,Pantalon,XS,LIM,2024-10-16,Cambio rol,1
RET001083,EMP00354,Chaleco,XL,EZE,2025-02-15,Salida empresa,2
RET001084,EMP00094,Chaqueta,L,GRU,2022-08-04,Talla incorrecta,2
RET001085,EMP00124,Chaleco,L,SCL,2023-06-02,Cambio rol,1
RET001086,EMP00203,Pantalon,M,GRU,2023-11-05,Talla incorrecta,1
RET001087,EMP00300,Chaqueta,L,bogota,2023-05-07,Desgaste,1
RET001088,EMP00414,Chaqueta,S,SCL,2023-06-17,Desgaste,1
RET001089,EMP00045,Zapatos,L,SCL,,Daño,2
RET001090,EMP00467,Pantalon,L,BOG,2023-04-16,Talla incorrecta,2
RET001091,EMP00021,Zapatos,XL,SCL,2023-09-02,Talla incorrecta,2
RET001092,EMP00275,Pantalon,L,Santiago,2024-11-28,Desgaste,2
RET001093,EMP00164,Corbata,XS,SCL,2024-07-23,Daño,1
RET001094,EMP00135,Zapatos,XL,LIM,2022-04-25,Cambio rol,1
RET001095,EMP00283,Chaleco,S,GRU,2024-11-19,Talla incorrecta,1
RET001096,EMP00286,Pantalon,XXXL,LIM,,Talla incorrecta,1
RET001097,EMP00310,Chaqueta,Extra Large,Sao Paulo,2024-02-26,Desgaste,1
RET001098,EMP00136,Chaleco,M,SCL,2025-05-16,Salida empresa,2
RET001099,EMP00111,Pantalon,XS,SCL,2025-07-21,Desgaste,2
RET001100,EMP00193,Pantalon,M,EZE,,,2
RET001101,EMP00336,Camisa,L,BOG,2024-08-20,Cambio rol,2
RET001102,EMP00264,Chaleco,S,Santiago,2023-06-24,Desgaste,1
RET001103,EMP00392,Chaqueta,L,GRU,2022-04-19,Talla incorrecta,1
RET001104,EMP00025,Corbata,S,MIA,2023-12-07,Talla incorrecta,2
RET001105,EMP00323,Zapatos,S,EZE,,Desgaste,2
RET001106,EMP00446,Pantalon,XXL,SCL,2022-11-02,,1
RET001107,EMP00109,Camisa,XL,SCL,2024-11-15,Desgaste,2
RET001108,EMP00199,Zapatos,M,SCL,2022-01-27,Cambio rol,1
RET001109,EMP00246,Pantalon,M,SCL,,Desgaste,2
RET001110,EMP00239,Chaleco,M,GRU,2022-06-21,Desgaste,1
RET001111,EMP00285,Camisa,Extra Large,SCL,,Desgaste,2
RET001112,EMP00464,Pantalon,M,LIM,2025-06-06,Talla incorrecta,2
RET001113,EMP00207,Corbata,M,Sao Paulo,2022-03-26,Talla incorrecta,1
RET001114,EMP00055,Chaleco,LL,GRU,2022-10-18,Desgaste,2
RET001115,EMP00206,Zapatos,L,BOG,2025-12-26,Desgaste,2
RET001116,EMP00280,Zapatos,S,GRU,2025-01-27,Talla incorrecta,2
RET001117,EMP00443,Pantalon,LL,BOG,2023-01-25,Cambio rol,1
RET001118,EMP00017,Camisa,S,GRU,2024-12-20,Talla incorrecta,1
RET001119,EMP00082,Camisa,M,BOG,2024-06-26,Talla incorrecta,2
RET001120,EMP00170,Camisa,null,SCL,2023-05-01,Cambio rol,2
RET001121,EMP00465,Zapatos,L,Santiago,2025-09-06,Desgaste,2
RET001122,EMP00226,Chaqueta,M,GRU,2023-06-11,Salida empresa,2
RET001123,EMP00162,Chaqueta,XL,miami,2025-03-13,Salida empresa,1
RET001124,EMP00131,Chaleco,L,SCL,2023-02-28,Talla incorrecta,2
RET001125,EMP00425,Pantalon,Extra Large,BOG,2025-11-19,Talla incorrecta,1
RET001126,EMP00166,Camisa,M,BOG,2025-06-10,Desgaste,1
RET001127,EMP00199,Pantalon,M,GRU,2025-11-14,,2
RET001128,EMP00270,Zapatos,L,GRU,2025-01-21,Salida empresa,1
RET001129,EMP00345,Chaqueta,L,SCL,2023-02-05,Desgaste,1
RET001130,EMP00211,Zapatos,XXL,LIM,2023-04-01,Desgaste,1
RET001131,EMP00405,Camisa,L,LIM,2024-04-14,Cambio rol,2
RET001132,EMP00243,Camisa,L,GRU,2023-08-31,Talla incorrecta,2
RET001133,EMP00065,Pantalon,M,SCL,2023-01-04,Talla incorrecta,1
RET001134,EMP00327,Chaleco,S,BOG,2022-01-13,Daño,1
RET001135,EMP00407,Corbata,S,SCL,2025-12-24,Talla incorrecta,2
RET001136,EMP00019,Pantalon,XS,GRU,2024-02-29,Salida empresa,2
RET001137,EMP00293,Camisa,L,GRU,2022-04-16,Talla incorrecta,2
RET001138,EMP00008,Chaqueta,S,BOG,2024-07-13,Desgaste,1
RET001139,EMP00161,Pantalon,XL,LIM,2022-11-03,Desgaste,2
RET001140,EMP00304,Chaleco,S,BOG,2024-03-13,Cambio rol,2
RET001141,EMP00381,Chaqueta,L,EZE,2025-03-24,Daño,2
RET001142,EMP00103,Pantalon,s ,SCL,2023-11-23,Talla incorrecta,1
RET001143,EMP00481,Camisa,M,LIM,2024-10-24,Desgaste,1
RET001144,EMP00314,Chaleco,XL,Sao Paulo,2022-07-06,Cambio rol,1
RET001145,EMP00211,Chaqueta,L,GRU,2023-05-25,Daño,1
RET001146,EMP00059,Corbata,S,BOG,2022-10-22,Desgaste,1
RET001147,EMP00383,Zapatos,L,Santiago,2024-06-15,Daño,2
RET001148,EMP00077,Chaqueta,M,EZE,2022-10-31,Desgaste,1
RET001149,EMP00023,Zapatos,XL,SCL,2024-03-01,Talla incorrecta,1
RET001150,EMP00088,Chaqueta,L,BOG,2023-02-13,Salida empresa,2
RET001151,EMP00363,Pantalon,M,MIA,2023-01-16,Desgaste,1
RET001152,EMP00303,Chaqueta,L,LIM,2023-08-24,Desgaste,1
RET001153,EMP00265,Zapatos,S,GRU,2023-10-07,Cambio rol,1
RET001154,EMP00472,Camisa,S,Sao Paulo,2024-11-20,Daño,2
RET001155,EMP00374,Zapatos,M,SCL,2025-02-24,Daño,2
RET001156,EMP00497,Zapatos,S,SCL,2023-07-29,Cambio rol,2
RET001157,EMP00244,Chaqueta,S,GRU,2022-02-28,Desgaste,1
RET001158,EMP00386,Zapatos,S,SCL,2024-03-05,Talla incorrecta,1
RET001159,EMP00467,Pantalon,S,BOG,2022-09-23,Daño,2
RET001160,EMP00386,Camisa,S,SCL,2024-08-25,Desgaste,1
RET001161,EMP00482,Camisa,L,MIA,2022-01-28,,1
RET001162,EMP00278,Camisa,M,LIM,2022-05-03,Daño,1
RET001163,EMP00024,Camisa,L,SCL,2023-03-30,Desgaste,1
RET001164,EMP00124,Camisa,L,BOG,2023-03-21,Desgaste,2
RET001165,EMP00273,Zapatos,M,BOG,2023-09-27,Talla incorrecta,2
RET001166,EMP00146,Chaleco,M,SCL,2023-10-25,Salida empresa,1
RET001167,EMP00115,Chaleco,XS,EZE,,Salida empresa,1
RET001168,EMP00104,Camisa,S,EZE,2023-08-18,,2
RET001169,EMP00315,Pantalon,L,SCL,2022-01-03,Desgaste,1
RET001170,EMP00063,Zapatos,XL,GRU,2024-06-23,Talla incorrecta,1
RET001171,EMP00387,Camisa,LL,MIA,2022-05-22,Desgaste,1
RET001172,EMP00418,Chaqueta,XL,LIM,2023-12-16,Talla incorrecta,1
RET001173,EMP00078,Camisa,XS,LIM,2022-09-01,Salida empresa,2
RET001174,EMP00050,Zapatos,XL,SCL,2025-08-18,Desgaste,1
RET001175,EMP00219,Pantalon,S,SCL,2025-11-14,Desgaste,2
RET001176,EMP00018,Pantalon,XXL,LIM,2023-05-15,Cambio rol,2
RET001177,EMP00183,Pantalon,L,BOG,2023-07-07,Desgaste,2
RET001178,EMP00446,Chaleco,L,SCL,2025-07-09,Salida empresa,1
RET001179,EMP00302,Pantalon,M,SCL,2022-04-16,Desgaste,1
RET001180,EMP00289,Chaleco,L,Buenos Aires,2023-01-24,Salida empresa,1
RET001181,EMP00401,Chaleco,XS,LIM,2022-01-12,Talla incorrecta,2
RET001182,EMP00329,Chaqueta,L,lima,2024-10-08,Desgaste,2
RET001183,EMP00254,Pantalon,,Sao Paulo,2025-05-16,Desgaste,2
RET001184,EMP00029,Zapatos,XS,SCL,2022-07-15,Desgaste,2
RET001185,EMP00086,Chaleco,XXXL,LIM,2022-01-27,Desgaste,2
RET001186,EMP00259,Camisa,L,GRU,2023-10-26,Desgaste,2
RET001187,EMP00080,Chaleco,S,LIM,2023-02-07,Desgaste,2
RET001188,EMP00146,Zapatos,M,SCL,2024-08-11,Salida empresa,2
RET001189,EMP00316,Camisa,XL,Sao Paulo,2024-10-24,Talla incorrecta,1
RET001190,EMP00481,Camisa,M,EZE,,Desgaste,1
RET001191,EMP00107,Chaqueta,M,SCL,2025-07-03,Talla incorrecta,1
RET001192,EMP00242,Camisa,L,LIM,2024-07-14,Desgaste,1
RET001193,EMP00290,Chaleco,L,SCL,2024-12-31,Desgaste,2
RET001194,EMP00112,Pantalon,null,SCL,2022-10-12,Desgaste,2
RET001195,EMP00227,Chaqueta,M,GRU,2025-01-03,Cambio rol,1
RET001196,EMP00294,Zapatos,M,SCL,2024-05-28,Daño,2
RET001197,EMP00437,Chaleco,null,EZE,2022-06-14,Desgaste,2
RET001198,EMP00049,Chaleco,L,EZE,2023-01-10,Cambio rol,2
RET001199,EMP00069,Camisa,Extra Large,LIM,2025-10-14,Salida empresa,2
RET001200,EMP00273,Zapatos,xs,Buenos Aires,2023-11-30,Desgaste,1